Paper title,Paper eid,Paper doi,Citing paper title,Citing paper eid,Citing paper doi
Process-driven design of cloud data platforms,2-s2.0-85216873928,10.1016/j.is.2025.102527,,,
Automating materiality assessment with a data-driven document-based approach,2-s2.0-85213286497,10.1016/j.jjimei.2024.100310,,,
An auto-tuning process-based 3D model to forecast irrigation demand in kiwifruit,2-s2.0-85212101165,10.1016/j.ecoinf.2024.102947,,,
VOOL: A modular insight-based framework for vocalizing OLAP sessions,2-s2.0-85211035819,10.1016/j.is.2024.102496,,,
Colossal Trajectory Mining: A unifying approach to mine behavioral mobility patterns,2-s2.0-85174707802,10.1016/j.eswa.2023.122055,Particle filtering supported probability density estimation of mobility patterns,2-s2.0-85190319631,10.1016/j.heliyon.2024.e29437
Colossal Trajectory Mining: A unifying approach to mine behavioral mobility patterns,2-s2.0-85174707802,10.1016/j.eswa.2023.122055,GS-FFO Based Meta-Heuristic Clustering for Discovering Colossal Patterns in High-Dimensional Data,2-s2.0-85208624461,10.1007/978-981-97-6810-3_22
Colossal Trajectory Mining: A unifying approach to mine behavioral mobility patterns,2-s2.0-85174707802,10.1016/j.eswa.2023.122055,Colossal Trajectory Mining Semantic Co-movement Pattern Mining,2-s2.0-85202010909,
Explaining cube measures through Intentional Analytics,2-s2.0-85180538265,10.1016/j.is.2023.102338,VOOL: A modular insight-based framework for vocalizing OLAP sessions,2-s2.0-85211035819,10.1016/j.is.2024.102496
Colossal Trajectory Mining Semantic Co-movement Pattern Mining,2-s2.0-85202010909,,,,
AutoClues: Exploring Clustering Pipelines via AutoML and Diversification,2-s2.0-85192544367,10.1007/978-981-97-2242-6_20,,,
Towards a Process-Driven Design of Data Platforms,2-s2.0-85188658537,,Process-driven design of cloud data platforms,2-s2.0-85216873928,10.1016/j.is.2025.102527
Cost-based Optimization of Multistore Query Plans,2-s2.0-85139405955,10.1007/s10796-022-10320-2,Optimising Queries for Pattern Detection Over Large Scale Temporally Evolving Graphs,2-s2.0-85196759800,10.1109/ACCESS.2024.3417352
Cost-based Optimization of Multistore Query Plans,2-s2.0-85139405955,10.1007/s10796-022-10320-2,Optimizing Data Integration Processes with the Support of Machine Learning - Is it Really Possible?,2-s2.0-85188586018,
A Survey and Experimental Study on Privacy-Preserving Trajectory Data Publishing,2-s2.0-85132525373,10.1109/TKDE.2022.3174204,Enhancing efficiency and data utility in longitudinal data anonymization,2-s2.0-85217245348,10.1016/j.ins.2025.121949
A Survey and Experimental Study on Privacy-Preserving Trajectory Data Publishing,2-s2.0-85132525373,10.1109/TKDE.2022.3174204,RNC-DP: A personalized trajectory data publishing scheme combining road network constraints and GAN,2-s2.0-85208497662,10.1016/j.future.2024.107589
A Survey and Experimental Study on Privacy-Preserving Trajectory Data Publishing,2-s2.0-85132525373,10.1109/TKDE.2022.3174204,Enhancing Privacy in Big Data Publishing: η-Inference Model,2-s2.0-85214416627,10.1007/978-981-96-0850-8_17
A Survey and Experimental Study on Privacy-Preserving Trajectory Data Publishing,2-s2.0-85132525373,10.1109/TKDE.2022.3174204,Dynamic-Parameter Genetic Algorithm for Multi-objective Privacy-Preserving Trajectory Data Publishing,2-s2.0-85211248262,10.1007/978-981-96-0576-7_4
A Survey and Experimental Study on Privacy-Preserving Trajectory Data Publishing,2-s2.0-85132525373,10.1109/TKDE.2022.3174204,Personalized Privacy Preserving for Spatial Crowdsourcing by Reinforcement Learning in VANETs,2-s2.0-85207919389,10.1109/JIOT.2024.3485650
A Survey and Experimental Study on Privacy-Preserving Trajectory Data Publishing,2-s2.0-85132525373,10.1109/TKDE.2022.3174204,Privacy-Preserving Modeling of Trajectory Data: Secure Sharing Solutions for Trajectory Data Based on Granular Computing,2-s2.0-85211771055,10.3390/math12233681
A Survey and Experimental Study on Privacy-Preserving Trajectory Data Publishing,2-s2.0-85132525373,10.1109/TKDE.2022.3174204,Addressing Data Challenges to Drive the Transformation of Smart Cities,2-s2.0-85209239146,10.1145/3663482
A Survey and Experimental Study on Privacy-Preserving Trajectory Data Publishing,2-s2.0-85132525373,10.1109/TKDE.2022.3174204,BiGRU-DP: Improved differential privacy protection method for trajectory data publishing,2-s2.0-85194350916,10.1016/j.eswa.2024.124264
A Survey and Experimental Study on Privacy-Preserving Trajectory Data Publishing,2-s2.0-85132525373,10.1109/TKDE.2022.3174204,Location Privacy Protection for the Internet of Things with Edge Computing Based on Clustering K-Anonymity,2-s2.0-85205305848,10.3390/s24186153
A Survey and Experimental Study on Privacy-Preserving Trajectory Data Publishing,2-s2.0-85132525373,10.1109/TKDE.2022.3174204,Federated Genetic Algorithm: Two-Layer Privacy-Preserving Trajectory Data Publishing,2-s2.0-85206889151,10.1145/3638529.3654200
A Survey and Experimental Study on Privacy-Preserving Trajectory Data Publishing,2-s2.0-85132525373,10.1109/TKDE.2022.3174204,A privacy-preserving vehicle trajectory clustering framework,2-s2.0-85199898896,10.1631/FITEE.2300369
A Survey and Experimental Study on Privacy-Preserving Trajectory Data Publishing,2-s2.0-85132525373,10.1109/TKDE.2022.3174204,CTPP: A Conditional Trajectory Privacy Preservation Scheme Using Blockchain in V2X,2-s2.0-85188906155,10.1109/JIOT.2024.3380619
A Survey and Experimental Study on Privacy-Preserving Trajectory Data Publishing,2-s2.0-85132525373,10.1109/TKDE.2022.3174204,A three-way trajectory privacy-preserving model based on multi-feature fusion,2-s2.0-85190104979,10.1016/j.asoc.2024.111591
A Survey and Experimental Study on Privacy-Preserving Trajectory Data Publishing,2-s2.0-85132525373,10.1109/TKDE.2022.3174204,Efficient Frequency-Based Randomization for Spatial Trajectories Under Differential Privacy,2-s2.0-85174857113,10.1109/TKDE.2023.3322471
A Survey and Experimental Study on Privacy-Preserving Trajectory Data Publishing,2-s2.0-85132525373,10.1109/TKDE.2022.3174204,Understanding Privacy Risks of High-Accuracy Radio Positioning and Sensing in Wireless Networks,2-s2.0-85179801568,10.1109/MCOM.004.2300090
A Survey and Experimental Study on Privacy-Preserving Trajectory Data Publishing,2-s2.0-85132525373,10.1109/TKDE.2022.3174204,Colossal Trajectory Mining: A unifying approach to mine behavioral mobility patterns,2-s2.0-85174707802,10.1016/j.eswa.2023.122055
A Survey and Experimental Study on Privacy-Preserving Trajectory Data Publishing,2-s2.0-85132525373,10.1109/TKDE.2022.3174204,Personalized Privacy Preservation in Consumer Mobile Trajectories,2-s2.0-85189528150,10.1287/isre.2023.1227
A Survey and Experimental Study on Privacy-Preserving Trajectory Data Publishing,2-s2.0-85132525373,10.1109/TKDE.2022.3174204,May the privacy be with us: Correlated differential privacy in location data for ITS,2-s2.0-85184080776,10.1016/j.comnet.2024.110214
A Survey and Experimental Study on Privacy-Preserving Trajectory Data Publishing,2-s2.0-85132525373,10.1109/TKDE.2022.3174204,Enhancing Trajectory Data Privacy through Information Gain-Fused Semantic Generalization,2-s2.0-85214795893,10.1109/ICSES63445.2024.10762992
A Survey and Experimental Study on Privacy-Preserving Trajectory Data Publishing,2-s2.0-85132525373,10.1109/TKDE.2022.3174204,Trajectory Privacy Protection Method Based on Differential Privacy in Crowdsensing,2-s2.0-85214525838,10.1109/TSC.2024.3455104
A Survey and Experimental Study on Privacy-Preserving Trajectory Data Publishing,2-s2.0-85132525373,10.1109/TKDE.2022.3174204,Heuristic Approach Based on a K-Means Algorithm to Reduce the Cost of Macroscopic Fundamental Diagram Estimation,2-s2.0-85209377036,10.1177/03611981241292344
A Survey and Experimental Study on Privacy-Preserving Trajectory Data Publishing,2-s2.0-85132525373,10.1109/TKDE.2022.3174204,Colossal Trajectory Mining Semantic Co-movement Pattern Mining,2-s2.0-85202010909,
A Survey and Experimental Study on Privacy-Preserving Trajectory Data Publishing,2-s2.0-85132525373,10.1109/TKDE.2022.3174204,Imporved on Qiu's shemes to resist long-term observation attacks with semantic attributes of location,2-s2.0-85199039866,10.1109/CSCWD61410.2024.10580447
A Survey and Experimental Study on Privacy-Preserving Trajectory Data Publishing,2-s2.0-85132525373,10.1109/TKDE.2022.3174204,Protecting Personalized Trajectory with Differential Privacy under Temporal Correlations,2-s2.0-85198848904,10.1109/WCNC57260.2024.10571250
A Survey and Experimental Study on Privacy-Preserving Trajectory Data Publishing,2-s2.0-85132525373,10.1109/TKDE.2022.3174204,Reciprocal Bucketization (RB) - An Efficient Data Anonymization Model for Smart Hospital Data Publishing,2-s2.0-85185324120,10.14569/IJACSA.2024.01501123
A Survey and Experimental Study on Privacy-Preserving Trajectory Data Publishing,2-s2.0-85132525373,10.1109/TKDE.2022.3174204,Crowdsourcing Geospatial Data for Earth and Human Observations: A Review,2-s2.0-85183974976,10.34133/remotesensing.0105
A Survey and Experimental Study on Privacy-Preserving Trajectory Data Publishing,2-s2.0-85132525373,10.1109/TKDE.2022.3174204,HyObscure: Hybrid Obscuring for Privacy-Preserving Data Publishing,2-s2.0-85177058760,10.1109/TKDE.2023.3331568
A Survey and Experimental Study on Privacy-Preserving Trajectory Data Publishing,2-s2.0-85132525373,10.1109/TKDE.2022.3174204,Evolutionary Dynamic Database Partitioning Optimization for Privacy and Utility,2-s2.0-85167802153,10.1109/TDSC.2023.3302284
A Survey and Experimental Study on Privacy-Preserving Trajectory Data Publishing,2-s2.0-85132525373,10.1109/TKDE.2022.3174204,PUTS: Privacy-Preserving and Utility-Enhancing Framework for Trajectory Synthesization,2-s2.0-85162871531,10.1109/TKDE.2023.3288154
A Survey and Experimental Study on Privacy-Preserving Trajectory Data Publishing,2-s2.0-85132525373,10.1109/TKDE.2022.3174204,Towards Anonymizing Intermodal Mobility Data for Smart Cities,2-s2.0-85179892785,10.1145/3615889.3628514
A Survey and Experimental Study on Privacy-Preserving Trajectory Data Publishing,2-s2.0-85132525373,10.1109/TKDE.2022.3174204,DP-TrajGAN: A privacy-aware trajectory generation model with differential privacy,2-s2.0-85145256040,10.1016/j.future.2022.12.027
A Survey and Experimental Study on Privacy-Preserving Trajectory Data Publishing,2-s2.0-85132525373,10.1109/TKDE.2022.3174204,Privacy-Preserving Method for Trajectory Data Publication Based on Local Preferential Anonymity,2-s2.0-85151097067,10.3390/info14030157
A Survey and Experimental Study on Privacy-Preserving Trajectory Data Publishing,2-s2.0-85132525373,10.1109/TKDE.2022.3174204,FedVAE: Trajectory privacy preserving based on Federated Variational AutoEncoder,2-s2.0-85181173731,10.1109/VTC2023-Fall60731.2023.10333794
A Survey and Experimental Study on Privacy-Preserving Trajectory Data Publishing,2-s2.0-85132525373,10.1109/TKDE.2022.3174204,Except-Condition Generative Adversarial Network for Generating Trajectory Data,2-s2.0-85174704562,10.1007/978-3-031-39821-6_23
A Survey and Experimental Study on Privacy-Preserving Trajectory Data Publishing,2-s2.0-85132525373,10.1109/TKDE.2022.3174204,Differentially Private Map Matching for Mobility Trajectories,2-s2.0-85144019298,10.1145/3564625.3567974
A Survey and Experimental Study on Privacy-Preserving Trajectory Data Publishing,2-s2.0-85132525373,10.1109/TKDE.2022.3174204,Generation of Synthetic Trajectory Microdata from Language Models,2-s2.0-85138804472,10.1007/978-3-031-13945-1_13
A Survey and Experimental Study on Privacy-Preserving Trajectory Data Publishing,2-s2.0-85132525373,10.1109/TKDE.2022.3174204,Frequency-based Randomization for Guaranteeing Differential Privacy in Spatial Trajectories,2-s2.0-85136425113,10.1109/ICDE53745.2022.00175
A Survey and Experimental Study on Privacy-Preserving Trajectory Data Publishing,2-s2.0-85132525373,10.1109/TKDE.2022.3174204,Mining hourly population dynamics by activity type based on decomposition of sequential snapshot data,2-s2.0-85136226665,10.1080/17538947.2022.2110290
A Survey and Experimental Study on Privacy-Preserving Trajectory Data Publishing,2-s2.0-85132525373,10.1109/TKDE.2022.3174204,Towards a Federated Learning Approach for Privacy-aware Analysis of Semantically Enriched Mobility Data,2-s2.0-85110326989,10.1145/3452369.3463823
A Survey and Experimental Study on Privacy-Preserving Trajectory Data Publishing,2-s2.0-85132525373,10.1109/TKDE.2022.3174204,An Efficient Approach for Spatial Trajectory Anonymization,2-s2.0-85121922321,10.1007/978-3-030-90888-1_44
Suggesting Assess Queries for Interactive Analysis of Multidimensional Data,2-s2.0-85129353199,10.1109/TKDE.2022.3171516,VOOL: A modular insight-based framework for vocalizing OLAP sessions,2-s2.0-85211035819,10.1016/j.is.2024.102496
Suggesting Assess Queries for Interactive Analysis of Multidimensional Data,2-s2.0-85129353199,10.1109/TKDE.2022.3171516,Explaining cube measures through Intentional Analytics,2-s2.0-85180538265,10.1016/j.is.2023.102338
Suggesting Assess Queries for Interactive Analysis of Multidimensional Data,2-s2.0-85129353199,10.1109/TKDE.2022.3171516,The Whys and Wherefores of Cubes,2-s2.0-85153334849,
Exploiting the Internet Resources for Autonomous Robots in Agriculture,2-s2.0-85160651880,10.3390/agriculture13051005,Unmanned Ground Vehicles for Continuous Crop Monitoring in Agriculture: Assessing the Readiness of Current ICT Technology,2-s2.0-85210579307,10.3390/machines12110750
Exploiting the Internet Resources for Autonomous Robots in Agriculture,2-s2.0-85160651880,10.3390/agriculture13051005,Change Management for the Sustainable Development of the Agrarian Economy of Artificial Intelligence,2-s2.0-85188175446,10.1007/s40171-024-00383-2
Exploiting the Internet Resources for Autonomous Robots in Agriculture,2-s2.0-85160651880,10.3390/agriculture13051005,Development of an Improved GWO Algorithm for Solving Optimal Paths in Complex Vertical Farms with Multi-Robot Multi-Tasking,2-s2.0-85202652900,10.3390/agriculture14081372
Exploiting the Internet Resources for Autonomous Robots in Agriculture,2-s2.0-85160651880,10.3390/agriculture13051005,Environmental performance of an autonomous laser weeding robot—a case study,2-s2.0-85189980784,10.1007/s11367-024-02295-w
Exploiting the Internet Resources for Autonomous Robots in Agriculture,2-s2.0-85160651880,10.3390/agriculture13051005,THE IMPORTANCE OF ECO-INNOVATIVE WEED CONTROL USING LASER TECHNOLOGY IN CREATING SUSTAINABLE AGRICULTURE IN THE EUROPEAN UNION. SOCIO-ECONOMIC PERSPECTIVE,2-s2.0-85194170579,10.34659/eis.2024.88.1.741
Exploiting the Internet Resources for Autonomous Robots in Agriculture,2-s2.0-85160651880,10.3390/agriculture13051005,Potential of Eco-Weeding with High-Power Laser Adoption from the Farmers’ Perspective,2-s2.0-85189024970,10.3390/su16062353
Exploiting the Internet Resources for Autonomous Robots in Agriculture,2-s2.0-85160651880,10.3390/agriculture13051005,Key technologies and research progress of intelligent weeding robots,2-s2.0-85213071438,10.1017/wsc.2024.95
Exploiting the Internet Resources for Autonomous Robots in Agriculture,2-s2.0-85160651880,10.3390/agriculture13051005,The Narratives of Transparency in Food Supply Chain Digitalisation: A Systematic Literature Review,2-s2.0-85204610597,10.1007/978-3-031-72234-9_36
Exploiting the Internet Resources for Autonomous Robots in Agriculture,2-s2.0-85160651880,10.3390/agriculture13051005,Deployment and Verification of Custom Autonomous Low-Budget IoT Devices for Image Feature Extraction in Wheat,2-s2.0-85203491921,10.1109/ACCESS.2024.3453993
Exploiting the Internet Resources for Autonomous Robots in Agriculture,2-s2.0-85160651880,10.3390/agriculture13051005,A Mission Planner for Autonomous Tasks in Farms,2-s2.0-85193285450,10.1007/978-3-031-59167-9_30
Exploiting the Internet Resources for Autonomous Robots in Agriculture,2-s2.0-85160651880,10.3390/agriculture13051005,Laser weed seed control: challenges and opportunities,2-s2.0-85189899989,10.3389/fagro.2024.1342372
Exploiting the Internet Resources for Autonomous Robots in Agriculture,2-s2.0-85160651880,10.3390/agriculture13051005,An Efficient Guiding Manager for Ground Mobile Robots in Agriculture,2-s2.0-85183395253,10.3390/robotics13010006
Exploiting the Internet Resources for Autonomous Robots in Agriculture,2-s2.0-85160651880,10.3390/agriculture13051005,Enabling Autonomous Navigation on the Farm: A Mission Planner for Agricultural Tasks,2-s2.0-85180699125,10.3390/agriculture13122181
Exploiting the Internet Resources for Autonomous Robots in Agriculture,2-s2.0-85160651880,10.3390/agriculture13051005,Crop Identification and Growth Stage Determination for Autonomous Navigation of Agricultural Robots,2-s2.0-85180469070,10.3390/agronomy13122873
HAMLET: A framework for Human-centered AutoML via Structured Argumentation,2-s2.0-85145965157,10.1016/j.future.2022.12.035,Interactive Hyperparameter Optimization in Multi-Objective Problems via Preference Learning,2-s2.0-85189622290,10.1609/aaai.v38i11.29106
HAMLET: A framework for Human-centered AutoML via Structured Argumentation,2-s2.0-85145965157,10.1016/j.future.2022.12.035,AutoClues: Exploring Clustering Pipelines via AutoML and Diversification,2-s2.0-85192544367,10.1007/978-981-97-2242-6_20
HAMLET: A framework for Human-centered AutoML via Structured Argumentation,2-s2.0-85145965157,10.1016/j.future.2022.12.035,Data Preprocessing Using AutoML: A Survey,2-s2.0-85191174113,10.1109/CSCE60160.2023.00265
HAMLET: A framework for Human-centered AutoML via Structured Argumentation,2-s2.0-85145965157,10.1016/j.future.2022.12.035,Machine Learning-Based Modelling in Atomic Layer Deposition Processes,2-s2.0-85180065616,10.1201/9781003346234
Describing and Assessing Cubes Through Intentional Analytics,2-s2.0-85165002810,10.48786/edbt.2023.69,,,
On the Optimization of Query Plans in Multistores (Discussion Paper),2-s2.0-85173485992,,,,
Using Regression to Explain Cube Measures,2-s2.0-85173478290,,,,
Fine-grained Soil Moisture Monitoring with PLUTO,2-s2.0-85173428371,,,,
Streaming Approach to Schema Profiling,2-s2.0-85172020306,10.1007/978-3-031-42941-5_19,,,
"Data Platform Design, Management, and Optimization (DATAPLAT)",2-s2.0-85158975690,,,,
The Whys and Wherefores of Cubes,2-s2.0-85153334849,,VOOL: A modular insight-based framework for vocalizing OLAP sessions,2-s2.0-85211035819,10.1016/j.is.2024.102496
The Whys and Wherefores of Cubes,2-s2.0-85153334849,,Explaining cube measures through Intentional Analytics,2-s2.0-85180538265,10.1016/j.is.2023.102338
The Whys and Wherefores of Cubes,2-s2.0-85153334849,,Using Regression to Explain Cube Measures,2-s2.0-85173478290,
Trajectory-Based Spatiotemporal Entity Linking,2-s2.0-85096846619,10.1109/TKDE.2020.3036633,DP-LTGAN: Differentially private trajectory publishing via Locally-aware Transformer-based GAN,2-s2.0-85214117771,10.1016/j.future.2024.107686
Trajectory-Based Spatiotemporal Entity Linking,2-s2.0-85096846619,10.1109/TKDE.2020.3036633,Transfer-learning-based representation learning for trajectory similarity search,2-s2.0-85190360494,10.1007/s10707-024-00515-x
Trajectory-Based Spatiotemporal Entity Linking,2-s2.0-85096846619,10.1109/TKDE.2020.3036633,Efficient Frequency-Based Randomization for Spatial Trajectories Under Differential Privacy,2-s2.0-85174857113,10.1109/TKDE.2023.3322471
Trajectory-Based Spatiotemporal Entity Linking,2-s2.0-85096846619,10.1109/TKDE.2020.3036633,Colossal Trajectory Mining: A unifying approach to mine behavioral mobility patterns,2-s2.0-85174707802,10.1016/j.eswa.2023.122055
Trajectory-Based Spatiotemporal Entity Linking,2-s2.0-85096846619,10.1109/TKDE.2020.3036633,Learning to Hash for Trajectory Similarity Computation and Search,2-s2.0-85200487230,10.1109/ICDE60146.2024.00342
Trajectory-Based Spatiotemporal Entity Linking,2-s2.0-85096846619,10.1109/TKDE.2020.3036633,DUTD: A Deeper Understanding of Trajectory Data for User Identity Linkage,2-s2.0-85197297885,10.1007/978-981-97-2303-4_4
Trajectory-Based Spatiotemporal Entity Linking,2-s2.0-85096846619,10.1109/TKDE.2020.3036633,Leveraging user itinerary to improve personalized deep matching at Fliggy,2-s2.0-85149039992,10.1007/s00778-023-00787-z
Trajectory-Based Spatiotemporal Entity Linking,2-s2.0-85096846619,10.1109/TKDE.2020.3036633,A Survey and Experimental Study on Privacy-Preserving Trajectory Data Publishing,2-s2.0-85132525373,10.1109/TKDE.2022.3174204
Trajectory-Based Spatiotemporal Entity Linking,2-s2.0-85096846619,10.1109/TKDE.2020.3036633,"Spatial Data Quality in the Internet of Things: Management, Exploitation, and Prospects",2-s2.0-85137576224,10.1145/3498338
Trajectory-Based Spatiotemporal Entity Linking,2-s2.0-85096846619,10.1109/TKDE.2020.3036633,Information Resilience: the nexus of responsible and agile approaches to information use,2-s2.0-85123164859,10.1007/s00778-021-00720-2
Trajectory-Based Spatiotemporal Entity Linking,2-s2.0-85096846619,10.1109/TKDE.2020.3036633,Trajectory-Based Spatiotemporal Entity Linking,2-s2.0-85096846619,10.1109/TKDE.2020.3036633
Trajectory-Based Spatiotemporal Entity Linking,2-s2.0-85096846619,10.1109/TKDE.2020.3036633,Spatial Data Quality in the IoT Era: Management and Exploitation,2-s2.0-85132711904,10.1145/3514221.3522568
Trajectory-Based Spatiotemporal Entity Linking,2-s2.0-85096846619,10.1109/TKDE.2020.3036633,Mutual Distillation Learning Network for Trajectory-User Linking,2-s2.0-85137872696,10.24963/ijcai.2022/274
Trajectory-Based Spatiotemporal Entity Linking,2-s2.0-85096846619,10.1109/TKDE.2020.3036633,Frequency-based Randomization for Guaranteeing Differential Privacy in Spatial Trajectories,2-s2.0-85136425113,10.1109/ICDE53745.2022.00175
Trajectory-Based Spatiotemporal Entity Linking,2-s2.0-85096846619,10.1109/TKDE.2020.3036633,An Efficient Approach for Spatial Trajectory Anonymization,2-s2.0-85121922321,10.1007/978-3-030-90888-1_44
Multi-sensor profiling for precision soil-moisture monitoring,2-s2.0-85129541562,10.1016/j.compag.2022.106924,Process-driven design of cloud data platforms,2-s2.0-85216873928,10.1016/j.is.2025.102527
Multi-sensor profiling for precision soil-moisture monitoring,2-s2.0-85129541562,10.1016/j.compag.2022.106924,An auto-tuning process-based 3D model to forecast irrigation demand in kiwifruit,2-s2.0-85212101165,10.1016/j.ecoinf.2024.102947
Multi-sensor profiling for precision soil-moisture monitoring,2-s2.0-85129541562,10.1016/j.compag.2022.106924,Development of a pipeline robot for high-throughput monitoring plant root characteristics and soil moisture in root zone,2-s2.0-85194397904,10.11975/j.issn.1002-6819.202401160
Multi-sensor profiling for precision soil-moisture monitoring,2-s2.0-85129541562,10.1016/j.compag.2022.106924,Comparing quasi-3D soil moisture derived from electromagnetic induction with 1D moisture sensors and correlation to barley yield in variable duplex soil,2-s2.0-85176949684,10.1016/j.still.2023.105953
Multi-sensor profiling for precision soil-moisture monitoring,2-s2.0-85129541562,10.1016/j.compag.2022.106924,Environmental and Agricultural Applications of Sensors,2-s2.0-85206183730,10.1007/978-3-031-47180-3_50
Multi-sensor profiling for precision soil-moisture monitoring,2-s2.0-85129541562,10.1016/j.compag.2022.106924,"Wireless Sensor Networks and IoT Applied to Fruit Tree Cultivation in Boyacá, Colombia: An Innovative Approach in Agriculture",2-s2.0-85203826924,10.18687/LACCEI2024.1.1.1092
Multi-sensor profiling for precision soil-moisture monitoring,2-s2.0-85129541562,10.1016/j.compag.2022.106924,Towards a Process-Driven Design of Data Platforms,2-s2.0-85188658537,
Multi-sensor profiling for precision soil-moisture monitoring,2-s2.0-85129541562,10.1016/j.compag.2022.106924,Evaluation of the Accuracy of the Remote Determination of the Brewster Angle When Measuring Physicochemical Parameters of Soil,2-s2.0-85180497388,10.3390/agriengineering5040116
Multi-sensor profiling for precision soil-moisture monitoring,2-s2.0-85129541562,10.1016/j.compag.2022.106924,Optimization algorithm for determining working water head of subsurface irrigation with ceramic emitters based on soil wetting patterns,2-s2.0-85166665907,10.1016/j.compag.2023.108069
Multi-sensor profiling for precision soil-moisture monitoring,2-s2.0-85129541562,10.1016/j.compag.2022.106924,Internet-of-Things-Based Multiple-Sensor Monitoring System for Soil Information Diagnosis Using a Smartphone,2-s2.0-85166187482,10.3390/mi14071395
Multi-sensor profiling for precision soil-moisture monitoring,2-s2.0-85129541562,10.1016/j.compag.2022.106924,A pipeline robot system for monitoring soil water content distribution,2-s2.0-85153035011,10.1016/j.jhydrol.2023.129526
Multi-sensor profiling for precision soil-moisture monitoring,2-s2.0-85129541562,10.1016/j.compag.2022.106924,Model Application for Estimation of Agri-Environmental Indicators of Kiwi Production: A Case Study in Northern Greece,2-s2.0-85153930157,10.3390/environments10040069
Multi-sensor profiling for precision soil-moisture monitoring,2-s2.0-85129541562,10.1016/j.compag.2022.106924,Fine-grained Soil Moisture Monitoring with PLUTO,2-s2.0-85173428371,
Enhancing Cubes with Models to Describe Multidimensional Data,2-s2.0-85107683405,10.1007/s10796-021-10147-3,VOOL: A modular insight-based framework for vocalizing OLAP sessions,2-s2.0-85211035819,10.1016/j.is.2024.102496
Enhancing Cubes with Models to Describe Multidimensional Data,2-s2.0-85107683405,10.1007/s10796-021-10147-3,Interestingness Measures for Exploratory Data Analysis: a Survey,2-s2.0-85210151391,10.1007/978-3-031-70421-5_2
Enhancing Cubes with Models to Describe Multidimensional Data,2-s2.0-85107683405,10.1007/s10796-021-10147-3,"Cube query interestingness: Novelty, relevance, peculiarity and surprise",2-s2.0-85188815289,10.1016/j.is.2024.102381
Enhancing Cubes with Models to Describe Multidimensional Data,2-s2.0-85107683405,10.1007/s10796-021-10147-3,Ocean-DC: An analysis ready data cube framework for environmental and climate change monitoring over the port areas,2-s2.0-85198085340,10.1145/3652037.3663913
Enhancing Cubes with Models to Describe Multidimensional Data,2-s2.0-85107683405,10.1007/s10796-021-10147-3,Insights into commonalities of a sample: A visualization framework to explore unusual subset-dataset relationships,2-s2.0-85188808893,10.1016/j.datak.2024.102299
Enhancing Cubes with Models to Describe Multidimensional Data,2-s2.0-85107683405,10.1007/s10796-021-10147-3,Explaining cube measures through Intentional Analytics,2-s2.0-85180538265,10.1016/j.is.2023.102338
Enhancing Cubes with Models to Describe Multidimensional Data,2-s2.0-85107683405,10.1007/s10796-021-10147-3,Suggesting Assess Queries for Interactive Analysis of Multidimensional Data,2-s2.0-85129353199,10.1109/TKDE.2022.3171516
Enhancing Cubes with Models to Describe Multidimensional Data,2-s2.0-85107683405,10.1007/s10796-021-10147-3,Breaking the 80:20 rule in health research using large administrative data sets,2-s2.0-85160881368,10.1177/14604582231180581
Enhancing Cubes with Models to Describe Multidimensional Data,2-s2.0-85107683405,10.1007/s10796-021-10147-3,Describing and Assessing Cubes Through Intentional Analytics,2-s2.0-85165002810,10.48786/edbt.2023.69
Enhancing Cubes with Models to Describe Multidimensional Data,2-s2.0-85107683405,10.1007/s10796-021-10147-3,Using Regression to Explain Cube Measures,2-s2.0-85173478290,
Enhancing Cubes with Models to Describe Multidimensional Data,2-s2.0-85107683405,10.1007/s10796-021-10147-3,Assessment Methods for the Interestingness of Cube Queries,2-s2.0-85153354053,
Enhancing Cubes with Models to Describe Multidimensional Data,2-s2.0-85107683405,10.1007/s10796-021-10147-3,The Whys and Wherefores of Cubes,2-s2.0-85153334849,
Enhancing Cubes with Models to Describe Multidimensional Data,2-s2.0-85107683405,10.1007/s10796-021-10147-3,Advances on Data Management and Information Systems,2-s2.0-85125529748,10.1007/s10796-021-10235-4
Enhancing Cubes with Models to Describe Multidimensional Data,2-s2.0-85107683405,10.1007/s10796-021-10147-3,Insight-Based Vocalization of OLAP Sessions,2-s2.0-85137993971,10.1007/978-3-031-15740-0_15
Enhancing Cubes with Models to Describe Multidimensional Data,2-s2.0-85107683405,10.1007/s10796-021-10147-3,Describing Multidimensional Data Through Highlights (Discussion Paper),2-s2.0-85137469232,
COOL: A framework for conversational OLAP,2-s2.0-85103428030,10.1016/j.is.2021.101752,Explaining cube measures through Intentional Analytics,2-s2.0-85180538265,10.1016/j.is.2023.102338
COOL: A framework for conversational OLAP,2-s2.0-85103428030,10.1016/j.is.2021.101752,T&TRS: robust collaborative filtering recommender systems against attacks,2-s2.0-85171481610,10.1007/s11042-023-16641-x
COOL: A framework for conversational OLAP,2-s2.0-85103428030,10.1016/j.is.2021.101752,Methodology for a Business Intelligence Platform by Using Oracle 19C Database Engine and its Limitations,2-s2.0-85208021175,10.1007/978-3-031-70300-3_5
COOL: A framework for conversational OLAP,2-s2.0-85103428030,10.1016/j.is.2021.101752,Business-Driven Data Recommender System: Design and Implementation,2-s2.0-85165494524,10.1080/08874417.2023.2237450
COOL: A framework for conversational OLAP,2-s2.0-85103428030,10.1016/j.is.2021.101752,Suggesting Assess Queries for Interactive Analysis of Multidimensional Data,2-s2.0-85129353199,10.1109/TKDE.2022.3171516
COOL: A framework for conversational OLAP,2-s2.0-85103428030,10.1016/j.is.2021.101752,HAMLET: A framework for Human-centered AutoML via Structured Argumentation,2-s2.0-85145965157,10.1016/j.future.2022.12.035
COOL: A framework for conversational OLAP,2-s2.0-85103428030,10.1016/j.is.2021.101752,Optimal Stacked Sparse Auto-encoder based Online Analytic Processing (OLAP) Hypercube Text Analysis,2-s2.0-85166634616,10.1109/ICECCT56650.2023.10179777
COOL: A framework for conversational OLAP,2-s2.0-85103428030,10.1016/j.is.2021.101752,The Whys and Wherefores of Cubes,2-s2.0-85153334849,
COOL: A framework for conversational OLAP,2-s2.0-85103428030,10.1016/j.is.2021.101752,Insight-Based Vocalization of OLAP Sessions,2-s2.0-85137993971,10.1007/978-3-031-15740-0_15
COOL: A framework for conversational OLAP,2-s2.0-85103428030,10.1016/j.is.2021.101752,Describing Multidimensional Data Through Highlights (Discussion Paper),2-s2.0-85137469232,
COOL: A framework for conversational OLAP,2-s2.0-85103428030,10.1016/j.is.2021.101752,Conversational OLAP,2-s2.0-85118769792,
Insight-Based Vocalization of OLAP Sessions,2-s2.0-85137993971,10.1007/978-3-031-15740-0_15,VOOL: A modular insight-based framework for vocalizing OLAP sessions,2-s2.0-85211035819,10.1016/j.is.2024.102496
Insight-Based Vocalization of OLAP Sessions,2-s2.0-85137993971,10.1007/978-3-031-15740-0_15,Personalization of OLAP queries for hierarchical visualization under constraints,2-s2.0-85197395708,10.1007/s13278-024-01279-w
Insight-Based Vocalization of OLAP Sessions,2-s2.0-85137993971,10.1007/978-3-031-15740-0_15,Personalized OLAP queries under Hierarchical Visualization Constraint,2-s2.0-85179558569,10.1109/INISTA59065.2023.10310545
Describing Multidimensional Data Through Highlights (Discussion Paper),2-s2.0-85137469232,,,,
Making data platforms smarter with MOSES,2-s2.0-85109035166,10.1016/j.future.2021.06.031,Process-driven design of cloud data platforms,2-s2.0-85216873928,10.1016/j.is.2025.102527
Making data platforms smarter with MOSES,2-s2.0-85109035166,10.1016/j.future.2021.06.031,Data Mesh Meets Blockchain,2-s2.0-85187119784,10.1007/s44196-024-00404-z
Making data platforms smarter with MOSES,2-s2.0-85109035166,10.1016/j.future.2021.06.031,A data platform for real-time monitoring and analysis of the brown marmorated stink bug in Northern Italy,2-s2.0-85198321986,10.1016/j.ecoinf.2024.102713
Making data platforms smarter with MOSES,2-s2.0-85109035166,10.1016/j.future.2021.06.031,A multi-start simulated annealing strategy for Data Lake Organization Problem,2-s2.0-85192672282,10.1016/j.asoc.2024.111700
Making data platforms smarter with MOSES,2-s2.0-85109035166,10.1016/j.future.2021.06.031,Megale: A Metadata-Driven Graph-Based System for Data Lake Exploration,2-s2.0-85212543991,10.1142/S0219622024500135
Making data platforms smarter with MOSES,2-s2.0-85109035166,10.1016/j.future.2021.06.031,METADATA MANAGEMENT FRAMEWORK FOR BUSINESS INTELLIGENCE DRIVEN DATA LAKES,2-s2.0-85206600855,10.58861/tae.bm.2024.2.02
Making data platforms smarter with MOSES,2-s2.0-85109035166,10.1016/j.future.2021.06.031,Metadata Management in Data Lake Environments: A Survey,2-s2.0-85198524930,10.1080/19386389.2024.2359310
Making data platforms smarter with MOSES,2-s2.0-85109035166,10.1016/j.future.2021.06.031,Towards a Process-Driven Design of Data Platforms,2-s2.0-85188658537,
Making data platforms smarter with MOSES,2-s2.0-85109035166,10.1016/j.future.2021.06.031,Cost-based Optimization of Multistore Query Plans,2-s2.0-85139405955,10.1007/s10796-022-10320-2
Making data platforms smarter with MOSES,2-s2.0-85109035166,10.1016/j.future.2021.06.031,Exploiting the Internet Resources for Autonomous Robots in Agriculture,2-s2.0-85160651880,10.3390/agriculture13051005
Making data platforms smarter with MOSES,2-s2.0-85109035166,10.1016/j.future.2021.06.031,HAMLET: A framework for Human-centered AutoML via Structured Argumentation,2-s2.0-85145965157,10.1016/j.future.2022.12.035
Making data platforms smarter with MOSES,2-s2.0-85109035166,10.1016/j.future.2021.06.031,"A secured big-data sharing platform for materials genome engineering: State-of-the-art, challenges and architecture",2-s2.0-85145253028,10.1016/j.future.2022.12.026
Making data platforms smarter with MOSES,2-s2.0-85109035166,10.1016/j.future.2021.06.031,Modeling the COVID-19 Travel Choices in Colombia and India: A Hybrid Multiple Discrete-Continuous Nested Extreme Value Approach,2-s2.0-85156237376,10.1177/03611981231162588
Making data platforms smarter with MOSES,2-s2.0-85109035166,10.1016/j.future.2021.06.031,Transportation as a Disease Vector in COVID-19: Border Mobility and Disease Spread,2-s2.0-85156194418,10.1177/03611981231156588
Making data platforms smarter with MOSES,2-s2.0-85109035166,10.1016/j.future.2021.06.031,Impacts of COVID-19 on the Operational Performance of Express Lanes and General-Purpose Lanes,2-s2.0-85139624136,10.1177/03611981221125215
Making data platforms smarter with MOSES,2-s2.0-85109035166,10.1016/j.future.2021.06.031,Innovative Individual Vehicle Record Traffic Data Quality Analysis Methods,2-s2.0-85153398298,10.1177/03611981221113566
Making data platforms smarter with MOSES,2-s2.0-85109035166,10.1016/j.future.2021.06.031,Network Planning for Innovative Track-Based Transportation Technologies: A Minimum Spanning Tree Algorithm to Demonstrate Network Benefits,2-s2.0-85153352002,10.1177/03611981221113570
Making data platforms smarter with MOSES,2-s2.0-85109035166,10.1016/j.future.2021.06.031,Employer Perceptions of Introducing Dynamic Pricing for Urban Rail: Evidence from Tokyo during Work Style Changes,2-s2.0-85153344667,10.1177/03611981221115074
Making data platforms smarter with MOSES,2-s2.0-85109035166,10.1016/j.future.2021.06.031,Roadway Vulnerability Assessment against Hurricanes Using Satellite Images,2-s2.0-85150993348,10.1177/03611981221124593
Making data platforms smarter with MOSES,2-s2.0-85109035166,10.1016/j.future.2021.06.031,Use of Pavement–Vehicle Interaction-Related Models to Estimate Excess Fuel Consumption of Pavement Alternatives During the Design Stage,2-s2.0-85148989374,10.1177/03611981221113567
Making data platforms smarter with MOSES,2-s2.0-85109035166,10.1016/j.future.2021.06.031,Application of Unmanned Aerial Vehicles for Monitoring Airport Asset Surfaces,2-s2.0-85146689759,10.1177/03611981221115729
Making data platforms smarter with MOSES,2-s2.0-85109035166,10.1016/j.future.2021.06.031,Analysis of Washington State Department of Transportation Risks,2-s2.0-85150159695,10.1177/03611981221109599
Making data platforms smarter with MOSES,2-s2.0-85109035166,10.1016/j.future.2021.06.031,"PRODUCTIVITY AND WAGES: WHAT WAS THE PRODUCTIVITY–WAGE LINK IN THE DIGITAL REVOLUTION OF THE PAST, AND WHAT MIGHT OCCUR IN THE AI REVOLUTION OF THE FUTURE?",2-s2.0-85146302990,10.1108/S0147-912120230000050007
Making data platforms smarter with MOSES,2-s2.0-85109035166,10.1016/j.future.2021.06.031,A RIO-Based Cybersecurity System Construction Method for Campus Network-Using Economic Concepts to Build a Network Security Protection System,2-s2.0-85179869417,10.1007/978-3-031-29016-9_45
Making data platforms smarter with MOSES,2-s2.0-85109035166,10.1016/j.future.2021.06.031,Evaluation and Decision Making Research on Application Transformation of University Based on Big Data Warehouse Technology,2-s2.0-85179868790,10.1007/978-3-031-29016-9_5
Making data platforms smarter with MOSES,2-s2.0-85109035166,10.1016/j.future.2021.06.031,Research on Rural Innovation and Entrepreneurship Platform Based on Cloud Computing,2-s2.0-85179868172,10.1007/978-3-031-29016-9_42
Making data platforms smarter with MOSES,2-s2.0-85109035166,10.1016/j.future.2021.06.031,Research on the Application of Student Information Management System in the Management of Higher Vocational Colleges,2-s2.0-85179867216,10.1007/978-3-031-29016-9_37
Making data platforms smarter with MOSES,2-s2.0-85109035166,10.1016/j.future.2021.06.031,Design and Implementation of Campus Information Aggregation Platform,2-s2.0-85179866197,10.1007/978-3-031-29016-9_25
Making data platforms smarter with MOSES,2-s2.0-85109035166,10.1016/j.future.2021.06.031,The Application of Bayesian Network in Higher Vocational English Application Ability Examination,2-s2.0-85179866013,10.1007/978-3-031-29016-9_33
Making data platforms smarter with MOSES,2-s2.0-85109035166,10.1016/j.future.2021.06.031,New Blueprint of Labor Education: Intelligent Labor Education Based on the Concept of STEAM Education,2-s2.0-85179865374,10.1007/978-3-031-29016-9_28
Making data platforms smarter with MOSES,2-s2.0-85109035166,10.1016/j.future.2021.06.031,Quantitative Analysis of Student Emotion Based on Face Recognition Technology,2-s2.0-85179864432,10.1007/978-3-031-29016-9_47
Making data platforms smarter with MOSES,2-s2.0-85109035166,10.1016/j.future.2021.06.031,Research on the Current Situation and Implementation Strategies of Artificial Intelligence (AI) Education in K-12 Schools,2-s2.0-85179862728,10.1007/978-3-031-29016-9_44
Making data platforms smarter with MOSES,2-s2.0-85109035166,10.1016/j.future.2021.06.031,The Health and Sustainability Evaluation of National Higher System via the CIPP Method and Its Application,2-s2.0-85179861139,10.1007/978-3-031-29016-9_43
Making data platforms smarter with MOSES,2-s2.0-85109035166,10.1016/j.future.2021.06.031,Teaching and Assessing Aesthetic Literacies,2-s2.0-85174988641,10.1007/978-981-19-7750-3_4
Making data platforms smarter with MOSES,2-s2.0-85109035166,10.1016/j.future.2021.06.031,Microlearning as a Teaching and Learning Approach,2-s2.0-85174988455,10.1007/978-981-99-2774-6_1
Making data platforms smarter with MOSES,2-s2.0-85109035166,10.1016/j.future.2021.06.031,Microlearning with Chatbots,2-s2.0-85174986436,10.1007/978-981-99-2774-6_7
Making data platforms smarter with MOSES,2-s2.0-85109035166,10.1016/j.future.2021.06.031,Practical Strategies to Optimize Mobile Microlearning,2-s2.0-85174986295,10.1007/978-981-99-2774-6_3
Making data platforms smarter with MOSES,2-s2.0-85109035166,10.1016/j.future.2021.06.031,Aesthetics Education and Literacies,2-s2.0-85174986148,10.1007/978-981-19-7750-3_3
Making data platforms smarter with MOSES,2-s2.0-85109035166,10.1016/j.future.2021.06.031,"Utilization of Big Data in the Financial Sector, Construction of Data Governance and Data Management",2-s2.0-85173574332,10.1007/978-981-99-2969-6_24
Making data platforms smarter with MOSES,2-s2.0-85109035166,10.1016/j.future.2021.06.031,Automatic Diabetic Retinopathy Lesion Segmentation in UW-OCTA Images Using Transfer Learning,2-s2.0-85173573199,10.1007/978-3-031-33658-4_18
Making data platforms smarter with MOSES,2-s2.0-85109035166,10.1016/j.future.2021.06.031,On Substitutions Preserving Their Return Sets,2-s2.0-85173568239,10.1007/978-3-031-33180-0_6
Making data platforms smarter with MOSES,2-s2.0-85109035166,10.1016/j.future.2021.06.031,ConnectivityControl: Providing Smart Home Users with Real Privacy Configuration Options,2-s2.0-85173565367,10.1007/978-3-031-34433-6_11
Making data platforms smarter with MOSES,2-s2.0-85109035166,10.1016/j.future.2021.06.031,Radial Prediction Domain Adaption Classifier for the MIDOG 2022 Challenge,2-s2.0-85173563539,10.1007/978-3-031-33658-4_20
Making data platforms smarter with MOSES,2-s2.0-85109035166,10.1016/j.future.2021.06.031,Optimize a Contingency Testing Using Paraconsistent Logic,2-s2.0-85173562487,10.1007/978-981-99-2969-6_12
Making data platforms smarter with MOSES,2-s2.0-85109035166,10.1016/j.future.2021.06.031,Characteristic Sequences of the Sets of Sums of Squares as Columns of Cellular Automata,2-s2.0-85173561506,10.1007/978-3-031-33180-0_22
Making data platforms smarter with MOSES,2-s2.0-85109035166,10.1016/j.future.2021.06.031,Novel Compact Electrostatic Precipitators for Small-Scale Biomass Combustion Facilities,2-s2.0-85173560581,10.1007/978-3-031-34526-5_2
Making data platforms smarter with MOSES,2-s2.0-85109035166,10.1016/j.future.2021.06.031,Designing Sustainable Digitalization: Crisisology-Based Tradeoff Optimization in Sociotechnical Systems,2-s2.0-85173558554,10.1007/978-981-99-2969-6_22
Making data platforms smarter with MOSES,2-s2.0-85109035166,10.1016/j.future.2021.06.031,Image-Multimodal Data Analysis for Defect Classification: Case Study of Semiconductor Defect Patterns,2-s2.0-85173558089,10.1007/978-981-99-2969-6_5
Making data platforms smarter with MOSES,2-s2.0-85109035166,10.1016/j.future.2021.06.031,On the Optimization of Query Plans in Multistores (Discussion Paper),2-s2.0-85173485992,
Making data platforms smarter with MOSES,2-s2.0-85109035166,10.1016/j.future.2021.06.031,An Approach to Evaluate User Interfaces in a Scholarly Knowledge Communication Domain,2-s2.0-85173047462,10.1007/978-3-031-42293-5_44
Making data platforms smarter with MOSES,2-s2.0-85109035166,10.1016/j.future.2021.06.031,On Verifying Unbounded Client-Server Systems,2-s2.0-85172029203,10.1007/978-3-031-43264-4_33
Making data platforms smarter with MOSES,2-s2.0-85109035166,10.1016/j.future.2021.06.031,Usable Implementation of Data Sovereignty in Digital Ecosystems,2-s2.0-85171466328,10.1007/978-3-031-35822-7_10
Making data platforms smarter with MOSES,2-s2.0-85109035166,10.1016/j.future.2021.06.031,String Attractors for Factors of the Thue-Morse Word,2-s2.0-85168580865,10.1007/978-3-031-33180-0_9
Making data platforms smarter with MOSES,2-s2.0-85109035166,10.1016/j.future.2021.06.031,Ranking and Unranking k-Subsequence Universal Words,2-s2.0-85165605376,10.1007/978-3-031-33180-0_4
Making data platforms smarter with MOSES,2-s2.0-85109035166,10.1016/j.future.2021.06.031,Security Analysis of Blockchain Layer-One Sharding Based Extended-UTxO Model,2-s2.0-85164964815,10.1007/978-981-99-3581-9_7
Making data platforms smarter with MOSES,2-s2.0-85109035166,10.1016/j.future.2021.06.031,Multi-parameter Sensor-Based Automation Farming,2-s2.0-85164271095,10.1007/978-981-99-1909-3_24
Making data platforms smarter with MOSES,2-s2.0-85109035166,10.1016/j.future.2021.06.031,Current Web Development Technologies: A Comparative Review,2-s2.0-85164269892,10.1007/978-981-99-1909-3_2
Making data platforms smarter with MOSES,2-s2.0-85109035166,10.1016/j.future.2021.06.031,Quantum Key Distribution for Underwater Wireless Sensor Network: A Preliminary Survey of the State-of-the-Art,2-s2.0-85164269254,10.1007/978-981-99-1909-3_32
Making data platforms smarter with MOSES,2-s2.0-85109035166,10.1016/j.future.2021.06.031,Towards Recommendations for Knowledge-Graph-Based Requirements Management in Construction: A Report on the EU DigiChecks Project,2-s2.0-85164269246,10.1007/978-3-031-34985-0_9
Making data platforms smarter with MOSES,2-s2.0-85109035166,10.1016/j.future.2021.06.031,Secure Hotel Key Card System Using FIDO Technology,2-s2.0-85164264339,10.1007/978-981-99-1909-3_39
Making data platforms smarter with MOSES,2-s2.0-85109035166,10.1016/j.future.2021.06.031,R-Peak-Based Arrhythmia Detection as an Impact of COVID-19,2-s2.0-85164262525,10.1007/978-981-99-1909-3_3
Making data platforms smarter with MOSES,2-s2.0-85109035166,10.1016/j.future.2021.06.031,"Designing AI for Investment Banking Risk Management a Review, Evaluation and Strategy",2-s2.0-85164260708,10.1007/978-981-99-1909-3_29
Making data platforms smarter with MOSES,2-s2.0-85109035166,10.1016/j.future.2021.06.031,IoT-Based Smart Pill Box and Voice Alert System,2-s2.0-85164258345,10.1007/978-981-99-1909-3_12
Making data platforms smarter with MOSES,2-s2.0-85109035166,10.1016/j.future.2021.06.031,Knowledge Engineering Formalizing DECENT Meta Model,2-s2.0-85164255117,10.1007/978-3-031-34985-0_14
Making data platforms smarter with MOSES,2-s2.0-85109035166,10.1016/j.future.2021.06.031,Automatic Speed Control of Vehicles in Speed Limit Zones Using IR Sensor,2-s2.0-85164255112,10.1007/978-981-99-1909-3_36
Making data platforms smarter with MOSES,2-s2.0-85109035166,10.1016/j.future.2021.06.031,IoT-Based Air Quality Monitoring System,2-s2.0-85164254491,10.1007/978-981-99-1909-3_16
Making data platforms smarter with MOSES,2-s2.0-85109035166,10.1016/j.future.2021.06.031,Intelligent Compression of Data on Cloud Storage,2-s2.0-85164253305,10.1007/978-981-99-1909-3_22
Making data platforms smarter with MOSES,2-s2.0-85109035166,10.1016/j.future.2021.06.031,Semantic Matching Through Knowledge Graphs: A Smart City Case,2-s2.0-85164251729,10.1007/978-3-031-34985-0_10
Making data platforms smarter with MOSES,2-s2.0-85109035166,10.1016/j.future.2021.06.031,Employing Knowledge Graphs for Capturing Semantic Aspects of Robotic Process Automation,2-s2.0-85164251465,10.1007/978-3-031-34985-0_16
Making data platforms smarter with MOSES,2-s2.0-85109035166,10.1016/j.future.2021.06.031,Results of Astro-Measurements of the Deflection of Vertical Using the New Observation Technique,2-s2.0-85164037201,10.1007/1345_2021_136
Making data platforms smarter with MOSES,2-s2.0-85109035166,10.1016/j.future.2021.06.031,Advancing IS Strategy for Natural History Museums with Method Engineering in the Digital Age,2-s2.0-85164031783,10.1007/978-3-031-34674-3_17
Making data platforms smarter with MOSES,2-s2.0-85109035166,10.1016/j.future.2021.06.031,Axiomatic Method for Constructing a Generalized Solution of a Mixed Problem for a Telegraph Equation,2-s2.0-85164029789,10.1007/978-3-031-28505-9_5
Making data platforms smarter with MOSES,2-s2.0-85109035166,10.1016/j.future.2021.06.031,Cicero: An AI-Based Writing Assistant for Legal Users,2-s2.0-85164029332,10.1007/978-3-031-34674-3_13
Making data platforms smarter with MOSES,2-s2.0-85109035166,10.1016/j.future.2021.06.031,Is There a Relationship Between Grid Operators’ Cybersecurity Level and Electricity Outages?,2-s2.0-85164028471,10.1007/978-3-031-35190-7_18
Making data platforms smarter with MOSES,2-s2.0-85109035166,10.1016/j.future.2021.06.031,A Survey on Memory Assistive Technology for Elderly,2-s2.0-85164022545,10.1007/978-3-031-28324-6_12
Making data platforms smarter with MOSES,2-s2.0-85109035166,10.1016/j.future.2021.06.031,Stopwords Aware Emotion-Based Sentiment Analysis of News Articles,2-s2.0-85164011116,10.1007/978-3-031-28324-6_15
Making data platforms smarter with MOSES,2-s2.0-85109035166,10.1016/j.future.2021.06.031,Driver’s Drowsiness Detection Using SpO2,2-s2.0-85164010759,10.1007/978-3-031-28324-6_17
Making data platforms smarter with MOSES,2-s2.0-85109035166,10.1016/j.future.2021.06.031,Detection and Classification of Pneumonia and COVID-19 from Chest X-Ray Using Convolutional Neural Network,2-s2.0-85164008980,10.1007/978-3-031-28324-6_14
Making data platforms smarter with MOSES,2-s2.0-85109035166,10.1016/j.future.2021.06.031,Emerging Importance of Cybersecurity in Electric Power Sector as a Hub of Interoperable Critical Infrastructure Protection in the Greater Metropolitan Areas in Japan,2-s2.0-85164008552,10.1007/978-3-031-35190-7_19
Making data platforms smarter with MOSES,2-s2.0-85109035166,10.1016/j.future.2021.06.031,Design and Justification of a Cybersecurity Assessment Framework for IoT-Based Environments,2-s2.0-85164006624,10.1007/978-3-031-35190-7_4
Making data platforms smarter with MOSES,2-s2.0-85109035166,10.1016/j.future.2021.06.031,Energy Security in the Context of Hybrid Threats: The Case of the European Natural Gas Network,2-s2.0-85164002394,10.1007/978-3-031-35190-7_15
Making data platforms smarter with MOSES,2-s2.0-85109035166,10.1016/j.future.2021.06.031,Studying the Evolution of Resolution Capabilities and Approximation Accuracy of Global Models by Spectral Characteristics,2-s2.0-85163999252,10.1007/1345_2021_137
Making data platforms smarter with MOSES,2-s2.0-85109035166,10.1016/j.future.2021.06.031,A Data-Driven Methodology for Guiding the Selection of Preprocessing Techniques in a Machine Learning Pipeline,2-s2.0-85163997722,10.1007/978-3-031-34674-3_5
Making data platforms smarter with MOSES,2-s2.0-85109035166,10.1016/j.future.2021.06.031,Numerical Model of Moving-Base Rotating Accelerometer Gravity Gradiometer,2-s2.0-85163992184,10.1007/1345_2020_114
Making data platforms smarter with MOSES,2-s2.0-85109035166,10.1016/j.future.2021.06.031,Observations with gPhone Gravimeter in Moscow,2-s2.0-85163991379,10.1007/1345_2022_142
Making data platforms smarter with MOSES,2-s2.0-85109035166,10.1016/j.future.2021.06.031,Absolute and Relative Gravity Measurements at Volcanoes: Current State and New Developments Under the NEWTON-g Project,2-s2.0-85163990123,10.1007/1345_2020_126
Making data platforms smarter with MOSES,2-s2.0-85109035166,10.1016/j.future.2021.06.031,Towards a Layer Model for Digital Sovereignty: A Holistic Approach,2-s2.0-85163988618,10.1007/978-3-031-35190-7_9
Making data platforms smarter with MOSES,2-s2.0-85109035166,10.1016/j.future.2021.06.031,Sensitivity of Algorithms for Estimating the Gravity Disturbance Vector to Its Model Uncertainty,2-s2.0-85163976669,10.1007/1345_2021_132
Making data platforms smarter with MOSES,2-s2.0-85109035166,10.1016/j.future.2021.06.031,A Blockchain Framework for Investment Authorities to Manage Assets and Funds,2-s2.0-85163974930,10.1007/978-3-031-28324-6_18
Making data platforms smarter with MOSES,2-s2.0-85109035166,10.1016/j.future.2021.06.031,Mapping Cyber-Physical Threats for Critical Infrastructures,2-s2.0-85163968597,10.1007/978-3-031-35190-7_12
Making data platforms smarter with MOSES,2-s2.0-85109035166,10.1016/j.future.2021.06.031,Evaluation of Systematic Errors in the Compact Absolute Gravimeter TAG-1 for Network Monitoring of Volcanic Activities,2-s2.0-85163954153,10.1007/1345_2020_107
Making data platforms smarter with MOSES,2-s2.0-85109035166,10.1016/j.future.2021.06.031,On the Solvability of Initial Problems for Abstract Singular Equations Containing Fractional Derivatives,2-s2.0-85163953209,10.1007/978-3-031-28505-9_2
Making data platforms smarter with MOSES,2-s2.0-85109035166,10.1016/j.future.2021.06.031,Modeling the Hierarchical Structure of Effective Communication Factors for Cyberattack Responses,2-s2.0-85163942745,10.1007/978-3-031-35190-7_14
Making data platforms smarter with MOSES,2-s2.0-85109035166,10.1016/j.future.2021.06.031,Integrating IoT-Driven Events into Business Processes,2-s2.0-85163934672,10.1007/978-3-031-34674-3_11
Making data platforms smarter with MOSES,2-s2.0-85109035166,10.1016/j.future.2021.06.031,Design and Development of a Smart Home Management System Based on MQTT Incorporated in Mesh Network,2-s2.0-85163931271,10.1007/978-3-031-28324-6_6
Making data platforms smarter with MOSES,2-s2.0-85109035166,10.1016/j.future.2021.06.031,Conceptual Formalization of Massive Storage for Advancing Decision-Making with Data Analytics,2-s2.0-85163931063,10.1007/978-3-031-34674-3_15
Making data platforms smarter with MOSES,2-s2.0-85109035166,10.1016/j.future.2021.06.031,High Data Throughput Exfiltration Through Video Cable Emanations,2-s2.0-85163927170,10.1007/978-3-031-35190-7_3
Making data platforms smarter with MOSES,2-s2.0-85109035166,10.1016/j.future.2021.06.031,CSR Communication on Social Media as a Driver of the Non-financial Performance of the Firm: Role of Chief Executive Officers and Senior Executives in CSR Communication: A Viewpoint,2-s2.0-85163778388,10.1007/978-981-99-2591-9_1
Making data platforms smarter with MOSES,2-s2.0-85109035166,10.1016/j.future.2021.06.031,Effect of Fumigation Treatment on the Mechanical Properties of Cantala Fiber–Unsaturated Polyester Composite Fabricated by Compression Molding Method,2-s2.0-85163728155,10.1007/978-981-99-2015-0_20
Making data platforms smarter with MOSES,2-s2.0-85109035166,10.1016/j.future.2021.06.031,"Environmental Sustainability, Governance, National Culture and COVID-19 Impact: International Evidence and Implications",2-s2.0-85163712536,10.1007/978-981-99-2591-9_3
Making data platforms smarter with MOSES,2-s2.0-85109035166,10.1016/j.future.2021.06.031,"Biomass Extrusion Treatment: Effects on Thermal, Physical, and Mechanical Performance of Rice Husk and Oil Palm Trunk-Filled Polypropylene Biocomposites",2-s2.0-85163704264,10.1007/978-981-99-2015-0_24
Making data platforms smarter with MOSES,2-s2.0-85109035166,10.1016/j.future.2021.06.031,Positioning in a Complex Market,2-s2.0-85163700512,10.1007/978-3-031-31933-4_11
Making data platforms smarter with MOSES,2-s2.0-85109035166,10.1016/j.future.2021.06.031,Market Opportunities,2-s2.0-85163693636,10.1007/978-3-031-31933-4_6
Making data platforms smarter with MOSES,2-s2.0-85109035166,10.1016/j.future.2021.06.031,Managing Global Supply Chain,2-s2.0-85163671291,10.1007/978-3-031-31933-4_13
Making data platforms smarter with MOSES,2-s2.0-85109035166,10.1016/j.future.2021.06.031,Institutional Supports for Commercial Activities,2-s2.0-85163665052,10.1007/978-3-031-31933-4_17
Making data platforms smarter with MOSES,2-s2.0-85109035166,10.1016/j.future.2021.06.031,The Enormous Pace of Infrastructural Development,2-s2.0-85163662192,10.1007/978-3-031-31933-4_3
Making data platforms smarter with MOSES,2-s2.0-85109035166,10.1016/j.future.2021.06.031,General Business Environment,2-s2.0-85163638571,10.1007/978-3-031-31933-4_10
Making data platforms smarter with MOSES,2-s2.0-85109035166,10.1016/j.future.2021.06.031,Effect of the Entomopathogenic Fungus Lecanicillium Muscarium on the Whitefly Bemisia Tabaci in a Cucumber Greenhouse,2-s2.0-85163600275,10.1007/978-981-99-1968-0_8
Making data platforms smarter with MOSES,2-s2.0-85109035166,10.1016/j.future.2021.06.031,Economic Hubs,2-s2.0-85163599662,10.1007/978-3-031-31933-4_7
Making data platforms smarter with MOSES,2-s2.0-85109035166,10.1016/j.future.2021.06.031,Labour Market and Education,2-s2.0-85163593848,10.1007/978-3-031-31933-4_8
Making data platforms smarter with MOSES,2-s2.0-85109035166,10.1016/j.future.2021.06.031,Use of Nanofluid to Improve the Efficiency of Photovoltaic Panel,2-s2.0-85163583048,10.1007/978-981-99-1968-0_4
Making data platforms smarter with MOSES,2-s2.0-85109035166,10.1016/j.future.2021.06.031,Educational Application of Artificial Intelligence Technology in the Construction of Cross-Border E-commerce Platform,2-s2.0-85163406865,10.1007/978-981-99-1428-9_148
Making data platforms smarter with MOSES,2-s2.0-85109035166,10.1016/j.future.2021.06.031,The Application of Information Technology in Classified Training and Layered Teaching of Marketing Specialty in Higher Vocational Colleges Under the Integration of Industry and Education,2-s2.0-85163402538,10.1007/978-981-99-1428-9_143
Making data platforms smarter with MOSES,2-s2.0-85109035166,10.1016/j.future.2021.06.031,Body Sensation and Materiality During Communicative Interaction in Isolated Field: A Systematic Review,2-s2.0-85163383612,10.1007/978-981-99-1428-9_258
Making data platforms smarter with MOSES,2-s2.0-85109035166,10.1016/j.future.2021.06.031,Damage Identification of Two-Stage Beam Structure Based on Improved Particle Swarm Optimization Algorithm,2-s2.0-85163380553,10.1007/978-981-99-1428-9_171
Making data platforms smarter with MOSES,2-s2.0-85109035166,10.1016/j.future.2021.06.031,Ethical-Legal-Technical Challenges for Lawyers and Their Clients with the Internet of Things,2-s2.0-85163377017,10.1007/978-3-031-28086-3_62
Making data platforms smarter with MOSES,2-s2.0-85109035166,10.1016/j.future.2021.06.031,Analysis and Research in English Teaching Based on Association Rule Algorithm,2-s2.0-85163373309,10.1007/978-981-99-1428-9_185
Making data platforms smarter with MOSES,2-s2.0-85109035166,10.1016/j.future.2021.06.031,An Improved Lightweight Cryptography Based on One-Time Pad for IoT Devices,2-s2.0-85163368962,10.1007/978-981-99-1428-9_266
Making data platforms smarter with MOSES,2-s2.0-85109035166,10.1016/j.future.2021.06.031,Evaluation of College English Teaching Quality Based on Artificial Intelligence Optimization Network,2-s2.0-85163361046,10.1007/978-981-99-1428-9_157
Making data platforms smarter with MOSES,2-s2.0-85109035166,10.1016/j.future.2021.06.031,Interaction of Circulation Structures in the Northern Hemisphere,2-s2.0-85163357787,10.1007/978-3-031-28086-3_30
Making data platforms smarter with MOSES,2-s2.0-85109035166,10.1016/j.future.2021.06.031,The Efficiency Assessment Methodic of Expenses Budget Financing on the Chemicals Acquisition by Agricultural Producers,2-s2.0-85163356021,10.1007/978-3-031-28086-3_63
Making data platforms smarter with MOSES,2-s2.0-85109035166,10.1016/j.future.2021.06.031,Human Resources Management in an Innovation-Oriented Company: Development Drivers,2-s2.0-85163353194,10.1007/978-3-031-28086-3_69
Making data platforms smarter with MOSES,2-s2.0-85109035166,10.1016/j.future.2021.06.031,Problem of Updating Economic Indicators of Enterprise Sustainable Development,2-s2.0-85163350617,10.1007/978-3-031-28086-3_75
Making data platforms smarter with MOSES,2-s2.0-85109035166,10.1016/j.future.2021.06.031,Research on the Status Quo of Fintech in China,2-s2.0-85163350459,10.1007/978-981-99-1428-9_260
Making data platforms smarter with MOSES,2-s2.0-85109035166,10.1016/j.future.2021.06.031,Chinese and Japanese Intelligent Translation Education of Computer Algorithm Data,2-s2.0-85163350363,10.1007/978-981-99-1428-9_164
Making data platforms smarter with MOSES,2-s2.0-85109035166,10.1016/j.future.2021.06.031,Design and Implementation of Key Modules of English Teaching System Based on J2EE,2-s2.0-85163345088,10.1007/978-981-99-1428-9_156
Making data platforms smarter with MOSES,2-s2.0-85109035166,10.1016/j.future.2021.06.031,Research on Intelligent Charging Strategy of Large-Scale Electric Vehicle Based on Adaptive Genetic Algorithm,2-s2.0-85163342186,10.1007/978-981-99-1428-9_130
Making data platforms smarter with MOSES,2-s2.0-85109035166,10.1016/j.future.2021.06.031,The Research on COVID-19 and Online Education: Based on Co-occurrence Analysis by Bibliometrics,2-s2.0-85163339322,10.1007/978-981-99-1428-9_261
Making data platforms smarter with MOSES,2-s2.0-85109035166,10.1016/j.future.2021.06.031,Visual Communication Design of Graphic Symbols in Traditional Festival Consumer Goods,2-s2.0-85163335297,10.1007/978-981-99-1428-9_227
Making data platforms smarter with MOSES,2-s2.0-85109035166,10.1016/j.future.2021.06.031,"Development of Production, Technology and Accounting: Interrelation and Interdependence",2-s2.0-85163324921,10.1007/978-3-031-28086-3_76
Making data platforms smarter with MOSES,2-s2.0-85109035166,10.1016/j.future.2021.06.031,Analysis of the Frailty and High-Risk Posture of the Elderly Based on Edge Computing and Artificial Intelligence,2-s2.0-85163324330,10.1007/978-981-99-1428-9_15
Making data platforms smarter with MOSES,2-s2.0-85109035166,10.1016/j.future.2021.06.031,Application of Decision Tree Algorithm in Table Tennis Competition,2-s2.0-85163323603,10.1007/978-981-99-1428-9_203
Making data platforms smarter with MOSES,2-s2.0-85109035166,10.1016/j.future.2021.06.031,School-Enterprise Co-construction Laboratory Scheme Based on AHP-TOPSIS,2-s2.0-85163322268,10.1007/978-981-99-1428-9_267
Making data platforms smarter with MOSES,2-s2.0-85109035166,10.1016/j.future.2021.06.031,Evaluation Algorithm of International Trade Target Suppliers Based on ELECTRE - IV,2-s2.0-85163315735,10.1007/978-981-99-1428-9_199
Making data platforms smarter with MOSES,2-s2.0-85109035166,10.1016/j.future.2021.06.031,Position and Role of Business in Economic Security System as in the Case of the Russian Federation,2-s2.0-85163314125,10.1007/978-3-031-28086-3_64
Making data platforms smarter with MOSES,2-s2.0-85109035166,10.1016/j.future.2021.06.031,Market Development of Intangible Cultural Heritage Traditional Handicrafts Based on Computer Technology,2-s2.0-85163313188,10.1007/978-981-99-1428-9_131
Making data platforms smarter with MOSES,2-s2.0-85109035166,10.1016/j.future.2021.06.031,"Geomarketing in the Placement of Retail in the Development of a Million-Plus City (on the Example of a Regional Retail in Russia, Perm)",2-s2.0-85163299881,10.1007/978-3-031-28086-3_68
Making data platforms smarter with MOSES,2-s2.0-85109035166,10.1016/j.future.2021.06.031,A Theoretical Framework for Computer Vision Learning Environment,2-s2.0-85163299229,10.1007/978-3-031-33023-0_49
Making data platforms smarter with MOSES,2-s2.0-85109035166,10.1016/j.future.2021.06.031,Construction of Higher Vocational English Resource Database Based on Computer,2-s2.0-85163284828,10.1007/978-981-99-1428-9_118
Making data platforms smarter with MOSES,2-s2.0-85109035166,10.1016/j.future.2021.06.031,Automatic Detection Algorithm and Simulation of Building Engineering Structural Components Based on BIM,2-s2.0-85163284425,10.1007/978-981-99-1428-9_210
Making data platforms smarter with MOSES,2-s2.0-85109035166,10.1016/j.future.2021.06.031,Self-reconfiguring Pseudo Random Address Generator for Secure Infrared Communication,2-s2.0-85163276908,10.1007/978-981-99-1428-9_10
Making data platforms smarter with MOSES,2-s2.0-85109035166,10.1016/j.future.2021.06.031,Circular Colliders in China,2-s2.0-85163042309,10.1007/978-3-031-23042-4_21
Making data platforms smarter with MOSES,2-s2.0-85109035166,10.1016/j.future.2021.06.031,Multi-messenger Astronomy,2-s2.0-85163017440,10.1007/978-3-031-23042-4_19
Making data platforms smarter with MOSES,2-s2.0-85109035166,10.1016/j.future.2021.06.031,"Adone, Asymptotic Freedom and QCD",2-s2.0-85163008133,10.1007/978-3-031-23042-4_6
Making data platforms smarter with MOSES,2-s2.0-85109035166,10.1016/j.future.2021.06.031,The Making of AdA: Bruno Touschek’s Journey from Widerøe’s Betatron to Storage Rings,2-s2.0-85163001614,10.1007/978-3-031-23042-4_15
Making data platforms smarter with MOSES,2-s2.0-85109035166,10.1016/j.future.2021.06.031,Technical Challenges for Future Accelerators,2-s2.0-85162993960,10.1007/978-3-031-23042-4_14
Making data platforms smarter with MOSES,2-s2.0-85109035166,10.1016/j.future.2021.06.031,Toward Data Lake Technologies for Intelligent Societies and Cities,2-s2.0-85162176776,10.1007/978-3-031-30514-6_1
Making data platforms smarter with MOSES,2-s2.0-85109035166,10.1016/j.future.2021.06.031,Urban Agriculture—More Than Food Production,2-s2.0-85162037594,10.1007/978-3-030-73089-5_4
Making data platforms smarter with MOSES,2-s2.0-85109035166,10.1016/j.future.2021.06.031,Secondary Frequency Regulation Control Strategy of Battery Energy Storage with Improved Consensus Algorithm,2-s2.0-85161720786,10.1007/978-981-99-1145-5_9
Making data platforms smarter with MOSES,2-s2.0-85109035166,10.1016/j.future.2021.06.031,Autonomous Navigation for the Movement of the Robot in the Tube,2-s2.0-85161718196,10.1007/978-3-031-31268-7_5
Making data platforms smarter with MOSES,2-s2.0-85109035166,10.1016/j.future.2021.06.031,University Teaching Quality Evaluation Technology Based on OLAP and SVM Algorithm,2-s2.0-85161715575,10.1007/978-981-99-2287-1_84
Making data platforms smarter with MOSES,2-s2.0-85109035166,10.1016/j.future.2021.06.031,Design and Research of Airfield Navaid Lighting Monitoring System Based on Data Mining Algorithm,2-s2.0-85161701735,10.1007/978-981-99-2287-1_14
Making data platforms smarter with MOSES,2-s2.0-85109035166,10.1016/j.future.2021.06.031,Threshold Private Set Intersection with Better Communication Complexity,2-s2.0-85161698310,10.1007/978-3-031-31371-4_9
Making data platforms smarter with MOSES,2-s2.0-85109035166,10.1016/j.future.2021.06.031,Artificial Intelligence Support to the Paradigm Shift from Reactive to Anticipatory Action in Humanitarian Responses,2-s2.0-85161695948,10.1007/978-3-031-31268-7_9
Making data platforms smarter with MOSES,2-s2.0-85109035166,10.1016/j.future.2021.06.031,Personalized Course Recommendation Model of University Environmental Design Based on Collaborative Filtering Algorithm,2-s2.0-85161677371,10.1007/978-981-99-2287-1_49
Making data platforms smarter with MOSES,2-s2.0-85109035166,10.1016/j.future.2021.06.031,Computer Aided Simulation Experiment of Endogenous Microbial Oil Displacement,2-s2.0-85161676728,10.1007/978-981-99-2287-1_1
Making data platforms smarter with MOSES,2-s2.0-85109035166,10.1016/j.future.2021.06.031,Quality Regression Coefficient of UAV Structure Based on Fuzzy Clustering Algorithm,2-s2.0-85161665556,10.1007/978-981-99-2287-1_56
Making data platforms smarter with MOSES,2-s2.0-85109035166,10.1016/j.future.2021.06.031,Enterprise Human Resource Scheduling and Optimization Based on Big Data,2-s2.0-85161654678,10.1007/978-981-99-2287-1_29
Making data platforms smarter with MOSES,2-s2.0-85109035166,10.1016/j.future.2021.06.031,Design of Mental Health Platform for Adolescent Group Based on Random Forest Algorithm,2-s2.0-85161654117,10.1007/978-981-99-2287-1_20
Making data platforms smarter with MOSES,2-s2.0-85109035166,10.1016/j.future.2021.06.031,New Application of Improved Dynamic Programming Algorithm in Traffic Engineering System,2-s2.0-85161649403,10.1007/978-981-99-2287-1_45
Making data platforms smarter with MOSES,2-s2.0-85109035166,10.1016/j.future.2021.06.031,Modelling and Simulation and Artificial Intelligence for Strategic Political-Military Decision-Making Process: Case Study,2-s2.0-85161648116,10.1007/978-3-031-31268-7_16
Making data platforms smarter with MOSES,2-s2.0-85109035166,10.1016/j.future.2021.06.031,Research and Application of Chinese Literature Automatic Abstract Extraction Based on Textrank Algorithm in Characteristic Resources Construction,2-s2.0-85161642524,10.1007/978-981-99-2287-1_60
Making data platforms smarter with MOSES,2-s2.0-85109035166,10.1016/j.future.2021.06.031,Neural Network Technology for Electrical Fire Early Warning System,2-s2.0-85161637705,10.1007/978-981-99-2287-1_44
Making data platforms smarter with MOSES,2-s2.0-85109035166,10.1016/j.future.2021.06.031,Hellinger Metrics for Validating High Fidelity Simulators Using Target Tracking,2-s2.0-85161627472,10.1007/978-3-031-31268-7_2
Making data platforms smarter with MOSES,2-s2.0-85109035166,10.1016/j.future.2021.06.031,Modular Interface Framework for Advanced Soldier-Platform Interoperability,2-s2.0-85161627313,10.1007/978-3-031-31268-7_17
Making data platforms smarter with MOSES,2-s2.0-85109035166,10.1016/j.future.2021.06.031,Experimental Study on Triaxial Strength of Reinforced Soil in Loess Region Based on Sequence Reduction Algorithm,2-s2.0-85161625568,10.1007/978-981-99-2287-1_32
Making data platforms smarter with MOSES,2-s2.0-85109035166,10.1016/j.future.2021.06.031,Private Polynomial Commitments and Applications to MPC,2-s2.0-85161623356,10.1007/978-3-031-31371-4_5
Making data platforms smarter with MOSES,2-s2.0-85109035166,10.1016/j.future.2021.06.031,Fake News on Social Media: Current Research and Future Directions,2-s2.0-85161496756,10.1007/978-3-031-31469-8_4
Making data platforms smarter with MOSES,2-s2.0-85109035166,10.1016/j.future.2021.06.031,Drone Design for Urban Fire Mitigation,2-s2.0-85161440036,10.1007/978-3-031-30592-4_19
Making data platforms smarter with MOSES,2-s2.0-85109035166,10.1016/j.future.2021.06.031,Distribution of Facilities to Improve the Raw Material Storage System,2-s2.0-85161428089,10.1007/978-3-031-30592-4_37
Making data platforms smarter with MOSES,2-s2.0-85109035166,10.1016/j.future.2021.06.031,Methodology to Improve the Quality of Cyber Threat Intelligence Production Through Open Source Platforms,2-s2.0-85161413910,10.1007/978-3-031-30592-4_7
Making data platforms smarter with MOSES,2-s2.0-85109035166,10.1016/j.future.2021.06.031,Analysis of Functioning Photonic Switches in Next-Generation Networks Using Queueing Theory and Simulation Modeling,2-s2.0-85161409126,10.1007/978-3-031-30648-8_28
Making data platforms smarter with MOSES,2-s2.0-85109035166,10.1016/j.future.2021.06.031,Application of the Piecewise Linear Approximation Method in a Hardware Accelerators of a Neural Networks Based on a Reconfigurable Computing Environments,2-s2.0-85161397981,10.1007/978-3-031-30648-8_6
Making data platforms smarter with MOSES,2-s2.0-85109035166,10.1016/j.future.2021.06.031,On Effectiveness of the Adversarial Attacks on the Computer Systems of Biomedical Images Classification,2-s2.0-85161391475,10.1007/978-3-031-30648-8_8
Making data platforms smarter with MOSES,2-s2.0-85109035166,10.1016/j.future.2021.06.031,Mobile Marketing as a Communication Strategy in Politics 2.0,2-s2.0-85161386409,10.1007/978-3-031-30592-4_5
Making data platforms smarter with MOSES,2-s2.0-85109035166,10.1016/j.future.2021.06.031,Neuro-Fuzzy Model Based on Multidimensional Membership Function,2-s2.0-85161378935,10.1007/978-3-031-30648-8_19
Making data platforms smarter with MOSES,2-s2.0-85109035166,10.1016/j.future.2021.06.031,Application of the MQTT Protocol for the Control of a Scorbot Robot by Means of EGG Electroencephalographic Signals,2-s2.0-85161378470,10.1007/978-3-031-30592-4_27
Making data platforms smarter with MOSES,2-s2.0-85109035166,10.1016/j.future.2021.06.031,Preparing Traffic to Analyze the Dynamics of Its States by Method of Partial Correlations,2-s2.0-85161377586,10.1007/978-3-031-30648-8_22
Making data platforms smarter with MOSES,2-s2.0-85109035166,10.1016/j.future.2021.06.031,Application of Convolutional Neural Networks for Image Detection and Recognition Based on a Self-written Generator,2-s2.0-85161372554,10.1007/978-3-031-30648-8_3
Making data platforms smarter with MOSES,2-s2.0-85109035166,10.1016/j.future.2021.06.031,The Markov Model of the Needham-Schroeder Protocol,2-s2.0-85161368601,10.1007/978-3-031-30648-8_27
Making data platforms smarter with MOSES,2-s2.0-85109035166,10.1016/j.future.2021.06.031,Theory of Restrictions for the Improvement of Production Capacity in Textile SMEs,2-s2.0-85161359142,10.1007/978-3-031-30592-4_41
Making data platforms smarter with MOSES,2-s2.0-85109035166,10.1016/j.future.2021.06.031,Structural Damage Characterization via Energy-Based Limit State Definition,2-s2.0-85161336518,10.1007/978-3-031-30125-4_39
Making data platforms smarter with MOSES,2-s2.0-85109035166,10.1016/j.future.2021.06.031,Thermodynamic-Based Macroelement Approach for Dynamic Analysis of Soil-Structure Systems,2-s2.0-85161311453,10.1007/978-3-031-30125-4_36
Making data platforms smarter with MOSES,2-s2.0-85109035166,10.1016/j.future.2021.06.031,Nearest Neighbor Classifier with Margin Penalty for Active Learning,2-s2.0-85161303282,10.1007/978-3-031-30105-6_32
Making data platforms smarter with MOSES,2-s2.0-85109035166,10.1016/j.future.2021.06.031,Soil-Structure Interaction Induced Modification on the Natural Period of Reinforced Concrete Buildings,2-s2.0-85161302808,10.1007/978-3-031-30125-4_32
Making data platforms smarter with MOSES,2-s2.0-85109035166,10.1016/j.future.2021.06.031,Monte Carlo and Subset Simulations-Based Reliability Analysis of Composite Frames Using OpenSees,2-s2.0-85161295115,10.1007/978-3-031-30125-4_19
Making data platforms smarter with MOSES,2-s2.0-85109035166,10.1016/j.future.2021.06.031,Mutual Diverse-Label Adversarial Training,2-s2.0-85161284366,10.1007/978-3-031-30105-6_6
Making data platforms smarter with MOSES,2-s2.0-85109035166,10.1016/j.future.2021.06.031,System Identification of a Nonlinear One-Degree-of-Freedom Vibrating System,2-s2.0-85161255503,10.1007/978-3-031-31066-9_38
Making data platforms smarter with MOSES,2-s2.0-85109035166,10.1016/j.future.2021.06.031,Lifting Assist Device for Transfer in Cooperation with Caregivers,2-s2.0-85161254080,10.1007/978-3-031-32439-0_17
Making data platforms smarter with MOSES,2-s2.0-85109035166,10.1016/j.future.2021.06.031,SmartTour: A Blockchain-Based Smart Tourism Platform Using Improvised SHA,2-s2.0-85161252498,10.1007/978-981-19-9379-4_9
Making data platforms smarter with MOSES,2-s2.0-85109035166,10.1016/j.future.2021.06.031,Functional Design and Prototyping of a Novel Soft Fingertip with Variable Stiffness,2-s2.0-85161242474,10.1007/978-3-031-32439-0_32
Making data platforms smarter with MOSES,2-s2.0-85109035166,10.1016/j.future.2021.06.031,Fault Detection in Induction Machines of Air Handling Units,2-s2.0-85161239784,10.1007/978-3-031-32439-0_30
Making data platforms smarter with MOSES,2-s2.0-85109035166,10.1016/j.future.2021.06.031,Decarbonizing Marine Sector: The Drop – In Solution of Marine Sustainable Fuels Following Their Lubricity Performance,2-s2.0-85161235182,10.1007/978-3-031-32439-0_47
Making data platforms smarter with MOSES,2-s2.0-85109035166,10.1016/j.future.2021.06.031,FPGA Based Logistics Service Robot Control in E-Commerce Warehouse System,2-s2.0-85161232886,10.1007/978-3-031-31066-9_51
Making data platforms smarter with MOSES,2-s2.0-85109035166,10.1016/j.future.2021.06.031,Robot-Assisted 3D Laser Surface Hardening of Medium-Carbon Steel: Surface Roughness Parameters and Hardness,2-s2.0-85161232378,10.1007/978-3-031-31066-9_5
Making data platforms smarter with MOSES,2-s2.0-85109035166,10.1016/j.future.2021.06.031,3D Printed Toys for Children with Disabilities – Study Case in Montenegro,2-s2.0-85161231369,10.1007/978-3-031-31066-9_29
Making data platforms smarter with MOSES,2-s2.0-85109035166,10.1016/j.future.2021.06.031,Improving Pneumonia Detection Using Segmentation and Image Enhancement,2-s2.0-85161219491,10.1007/978-981-19-9379-4_58
Making data platforms smarter with MOSES,2-s2.0-85109035166,10.1016/j.future.2021.06.031,Automated Lesion Image Segmentation Based on Novel Histogram-Based K-Means Clustering Using COVID-19 Chest CT Images,2-s2.0-85161187369,10.1007/978-981-19-9379-4_55
Making data platforms smarter with MOSES,2-s2.0-85109035166,10.1016/j.future.2021.06.031,Humanitarian Techniques in the Teaching of Technical Sciences,2-s2.0-85161182996,10.1007/978-3-031-32439-0_39
Making data platforms smarter with MOSES,2-s2.0-85109035166,10.1016/j.future.2021.06.031,Overturning Stability for the SNAP Cargo Family of Pedal‑Assisted Ultralight Vehicles,2-s2.0-85161182265,10.1007/978-3-031-32439-0_34
Making data platforms smarter with MOSES,2-s2.0-85109035166,10.1016/j.future.2021.06.031,Performance Evaluation of Sustainable Development Goals Employing Unsupervised Machine Learning Approach,2-s2.0-85161178482,10.1007/978-981-19-9379-4_30
Making data platforms smarter with MOSES,2-s2.0-85109035166,10.1016/j.future.2021.06.031,Using Fractal Dimensions in Modeling Complex Systems in Engineering,2-s2.0-85161178410,10.1007/978-3-031-31066-9_32
Making data platforms smarter with MOSES,2-s2.0-85109035166,10.1016/j.future.2021.06.031,Comparison of the Main Parameters of the Steel and Carbon-Fiber-Reinforced Plastic Band Traction Units for Long-Stroke Oil Well Pumps,2-s2.0-85161175472,10.1007/978-3-031-31066-9_10
Making data platforms smarter with MOSES,2-s2.0-85109035166,10.1016/j.future.2021.06.031,Waste Self-reporting for Software Development Productivity Improvement,2-s2.0-85161173544,10.1007/978-3-031-33976-9_4
Making data platforms smarter with MOSES,2-s2.0-85109035166,10.1016/j.future.2021.06.031,Kinesthetic Trajectory Learning of a Collaborative Robot UR 10e with APLC S7-1500,2-s2.0-85161173376,10.1007/978-3-031-31066-9_2
Making data platforms smarter with MOSES,2-s2.0-85109035166,10.1016/j.future.2021.06.031,Simulation Platform for the Analysis of Motorway Traffic Safety Management Systems,2-s2.0-85161171261,10.1007/978-3-031-31066-9_69
Making data platforms smarter with MOSES,2-s2.0-85109035166,10.1016/j.future.2021.06.031,Design of a Novel Medical Rolling Walker for Use in Hospital Environment,2-s2.0-85161170091,10.1007/978-3-031-32439-0_21
Making data platforms smarter with MOSES,2-s2.0-85109035166,10.1016/j.future.2021.06.031,Development of Orientation Modules with Linear Actuation,2-s2.0-85161151204,10.1007/978-3-031-32439-0_27
Making data platforms smarter with MOSES,2-s2.0-85109035166,10.1016/j.future.2021.06.031,Nonlinear Control of a Robotic Arm in the Electromechanical Domain,2-s2.0-85161146673,10.1007/978-3-031-31066-9_6
Making data platforms smarter with MOSES,2-s2.0-85109035166,10.1016/j.future.2021.06.031,A Novel Technique to Assess Agile Systems for Stability,2-s2.0-85161132057,10.1007/978-3-031-33976-9_2
Making data platforms smarter with MOSES,2-s2.0-85109035166,10.1016/j.future.2021.06.031,Sustainable Mobility: Changing Mindsets and Rethinking Paradigms,2-s2.0-85161118232,10.1007/978-3-031-31066-9_83
Making data platforms smarter with MOSES,2-s2.0-85109035166,10.1016/j.future.2021.06.031,IoT-Based Automotive Collision Avoidance and Safety System for Vehicles,2-s2.0-85161116339,10.1007/978-981-19-9379-4_48
Making data platforms smarter with MOSES,2-s2.0-85109035166,10.1016/j.future.2021.06.031,Reducing Energy Consumption and Driving Torque in an Underactuated Robotic Arm Through Natural Motion,2-s2.0-85161114857,10.1007/978-3-031-32439-0_11
Making data platforms smarter with MOSES,2-s2.0-85109035166,10.1016/j.future.2021.06.031,Task-Specific Synthesis and Design of a Mobile Six-DoF Hexa Parallel Robot for Weed Control,2-s2.0-85161113839,10.1007/978-3-031-32439-0_13
Making data platforms smarter with MOSES,2-s2.0-85109035166,10.1016/j.future.2021.06.031,RehaWrist.q - Development of a 3 DoF Cable-Driven End-Effector Wearable Robot for Rehabilitation of the Wrist Joint,2-s2.0-85161110870,10.1007/978-3-031-32439-0_16
Making data platforms smarter with MOSES,2-s2.0-85109035166,10.1016/j.future.2021.06.031,Digital Twins Data Visualization Methods. Problems of Human Interaction: A Review,2-s2.0-85161110057,10.1007/978-3-031-31066-9_53
Making data platforms smarter with MOSES,2-s2.0-85109035166,10.1016/j.future.2021.06.031,Numerical Simulation of Cylindrical Lithium-ion Cells Impact,2-s2.0-85161107868,10.1007/978-3-031-32439-0_36
Making data platforms smarter with MOSES,2-s2.0-85109035166,10.1016/j.future.2021.06.031,Adaptive Manta Ray Foraging Optimizer for Determining Optimal Thread Count on Many-core Architecture,2-s2.0-85161103855,10.1007/978-981-19-9379-4_17
Making data platforms smarter with MOSES,2-s2.0-85109035166,10.1016/j.future.2021.06.031,Mapping Time-Series Data on Process Patterns to Generate Synthetic Data,2-s2.0-85160866077,10.1007/978-3-031-34985-0_6
Making data platforms smarter with MOSES,2-s2.0-85109035166,10.1016/j.future.2021.06.031,Is Darwin Resistible? Mill on Design and Natural Selection,2-s2.0-85160579391,10.1007/978-3-031-28157-0_16
Making data platforms smarter with MOSES,2-s2.0-85109035166,10.1016/j.future.2021.06.031,Jean Gayon and the French School of Population Genetics,2-s2.0-85160558580,10.1007/978-3-031-28157-0_9
Making data platforms smarter with MOSES,2-s2.0-85109035166,10.1016/j.future.2021.06.031,A Structuralist Method: Or Why Darwin’s Pangenesis Remained a Remarkable Blind Spot in Jean Gayon’s Writings,2-s2.0-85160531525,10.1007/978-3-031-28157-0_6
Making data platforms smarter with MOSES,2-s2.0-85109035166,10.1016/j.future.2021.06.031,From Historical Epistemology to the Philosophy of Biology: A Look at Jean Gayon’s Intellectual Journey,2-s2.0-85160526071,10.1007/978-3-031-28157-0_2
Making data platforms smarter with MOSES,2-s2.0-85109035166,10.1016/j.future.2021.06.031,"Jean Gayon, History and Philosophy of Biology: A New Synthesis",2-s2.0-85160514067,10.1007/978-3-031-28157-0_5
Making data platforms smarter with MOSES,2-s2.0-85109035166,10.1016/j.future.2021.06.031,Editor’s Note,2-s2.0-85160513250,
Making data platforms smarter with MOSES,2-s2.0-85109035166,10.1016/j.future.2021.06.031,Taking Historical Epistemology to the International Scene,2-s2.0-85160510913,10.1007/978-3-031-28157-0_3
Making data platforms smarter with MOSES,2-s2.0-85109035166,10.1016/j.future.2021.06.031,Challenges and experiences with the reuse of products in building design,2-s2.0-85160443863,10.1201/9781003354222-7
Making data platforms smarter with MOSES,2-s2.0-85109035166,10.1016/j.future.2021.06.031,Legacy practices supporting BIM adoption in Portugal – Reflections from a large use case,2-s2.0-85160438608,10.1201/9781003354222-86
Making data platforms smarter with MOSES,2-s2.0-85109035166,10.1016/j.future.2021.06.031,Conceptual design of a reference process for the transformation of unstructured object catalogs into classification hierarchies,2-s2.0-85160436152,10.1201/9781003354222-97
Making data platforms smarter with MOSES,2-s2.0-85109035166,10.1016/j.future.2021.06.031,Analysis and effective use of inverse relation attributes in IFC,2-s2.0-85160412414,10.1201/9781003354222-95
Making data platforms smarter with MOSES,2-s2.0-85109035166,10.1016/j.future.2021.06.031,Systematic investigation of interoperability issues between BIM and BEM,2-s2.0-85160408223,10.1201/9781003354222-90
Making data platforms smarter with MOSES,2-s2.0-85109035166,10.1016/j.future.2021.06.031,A framework for meta-disciplinary building analysis,2-s2.0-85160403637,10.1201/9781003354222-83
Making data platforms smarter with MOSES,2-s2.0-85109035166,10.1016/j.future.2021.06.031,An Advantage Actor-Critic Deep Reinforcement Learning Method for Power Management in HPC Systems,2-s2.0-85159497661,10.1007/978-3-031-29927-8_8
Making data platforms smarter with MOSES,2-s2.0-85109035166,10.1016/j.future.2021.06.031,Comparison for Polyp Segmentation Models: Focusing on Inference Speed,2-s2.0-85159485365,10.1007/978-3-031-27199-1_57
Making data platforms smarter with MOSES,2-s2.0-85109035166,10.1016/j.future.2021.06.031,GWD: Graded Word Drop Model for When Type Questions for Hindi QA,2-s2.0-85159484162,10.1007/978-3-031-27199-1_15
Making data platforms smarter with MOSES,2-s2.0-85109035166,10.1016/j.future.2021.06.031,Fault Tolerance and Packet Latency of Peer Fat-Trees,2-s2.0-85159478949,10.1007/978-3-031-29927-8_32
Making data platforms smarter with MOSES,2-s2.0-85109035166,10.1016/j.future.2021.06.031,DEEPFAKE CLI: Accelerated Deepfake Detection Using FPGAs,2-s2.0-85159476693,10.1007/978-3-031-29927-8_4
Making data platforms smarter with MOSES,2-s2.0-85109035166,10.1016/j.future.2021.06.031,Do Users’ Values Influence Trust in Automation?,2-s2.0-85159467158,10.1007/978-3-031-27199-1_30
Making data platforms smarter with MOSES,2-s2.0-85109035166,10.1016/j.future.2021.06.031,Memory Bandwidth Conservation for SpMV Kernels Through Adaptive Lossy Data Compression,2-s2.0-85159458641,10.1007/978-3-031-29927-8_36
Making data platforms smarter with MOSES,2-s2.0-85109035166,10.1016/j.future.2021.06.031,Design of a Mixed Reality-Based Immersive Virtual Environment System for Social Interaction and Behavioral Studies,2-s2.0-85159454509,10.1007/978-3-031-27199-1_21
Making data platforms smarter with MOSES,2-s2.0-85109035166,10.1016/j.future.2021.06.031,Development of Magnesium-Strontium/ Calcium (Mg-Sr/Ca)-Based Alloys with Improved Sinterability for Next-Generation Biomedical Implants,2-s2.0-85159450518,10.1007/978-3-031-22645-8_33
Making data platforms smarter with MOSES,2-s2.0-85109035166,10.1016/j.future.2021.06.031,A Profiling-Based Approach to Cache Partitioning of Program Data,2-s2.0-85159449500,10.1007/978-3-031-29927-8_35
Making data platforms smarter with MOSES,2-s2.0-85109035166,10.1016/j.future.2021.06.031,Parallel Resource Defined Fitness Sharing,2-s2.0-85159449305,10.1007/978-3-031-27199-1_49
Making data platforms smarter with MOSES,2-s2.0-85109035166,10.1016/j.future.2021.06.031,Analyzing I/O Performance of a Hierarchical HPC Storage System for Distributed Deep Learning,2-s2.0-85159446480,10.1007/978-3-031-29927-8_7
Making data platforms smarter with MOSES,2-s2.0-85109035166,10.1016/j.future.2021.06.031,An AutoML Based Algorithm for Performance Prediction in HPC Systems,2-s2.0-85159443829,10.1007/978-3-031-29927-8_9
Making data platforms smarter with MOSES,2-s2.0-85109035166,10.1016/j.future.2021.06.031,Corpus-Based Lexical Features and Thematic Analysis of CHina’s Five-Year Plan for the 21st Century,2-s2.0-85159411824,10.1007/978-3-031-28956-9_2
Making data platforms smarter with MOSES,2-s2.0-85109035166,10.1016/j.future.2021.06.031,A System-Wide Communication to Couple Multiple MPI Programs for Heterogeneous Computing,2-s2.0-85159408773,10.1007/978-3-031-29927-8_25
Making data platforms smarter with MOSES,2-s2.0-85109035166,10.1016/j.future.2021.06.031,Optimizing Depthwise Convolutions on ARMv8 Architecture,2-s2.0-85159402772,10.1007/978-3-031-29927-8_34
Making data platforms smarter with MOSES,2-s2.0-85109035166,10.1016/j.future.2021.06.031,Word2Vec FPGA Accelerator Based on Spatial and Temporal Parallelism,2-s2.0-85159402017,10.1007/978-3-031-29927-8_6
Making data platforms smarter with MOSES,2-s2.0-85109035166,10.1016/j.future.2021.06.031,Application of Fiber Optic Sensors in Aircraft Fuel Management System,2-s2.0-85159400138,10.1007/978-3-031-27199-1_35
Making data platforms smarter with MOSES,2-s2.0-85109035166,10.1016/j.future.2021.06.031,Monitoring Pollination by Honeybee Using Computer Vision,2-s2.0-85159399946,10.1007/978-3-031-27199-1_40
Making data platforms smarter with MOSES,2-s2.0-85109035166,10.1016/j.future.2021.06.031,Corpus Construction for Generating Knowledge Graph of Sichuan Cuisine,2-s2.0-85159399736,10.1007/978-3-031-28956-9_3
Making data platforms smarter with MOSES,2-s2.0-85109035166,10.1016/j.future.2021.06.031,Uzbek Speech Synthesis Using Deep Learning Algorithms,2-s2.0-85159387777,10.1007/978-3-031-27199-1_5
Making data platforms smarter with MOSES,2-s2.0-85109035166,10.1016/j.future.2021.06.031,Phanerozoic Structural Setting and Tectonic Evolution of Egypt,2-s2.0-85159113740,10.1007/978-3-030-95637-0_2
Making data platforms smarter with MOSES,2-s2.0-85109035166,10.1016/j.future.2021.06.031,"Mining Data Wrangling Workflows for Patterns, Reuse and Optimisation Opportunities",2-s2.0-85158965423,
Making data platforms smarter with MOSES,2-s2.0-85109035166,10.1016/j.future.2021.06.031,"Stanzas and Sticks: Poetic and Physical Challenges in the Afro-Brazilian Culture of the Paraíba Valley, Rio de Janeiro",2-s2.0-85156182428,10.1007/978-3-031-15617-5_12
Making data platforms smarter with MOSES,2-s2.0-85109035166,10.1016/j.future.2021.06.031,“Selecting by Origin” Revisited: On the Particularistic Turn of German Labour Migration Policy,2-s2.0-85156180306,10.1007/978-3-031-26002-5_9
Making data platforms smarter with MOSES,2-s2.0-85109035166,10.1016/j.future.2021.06.031,The Visibility of Languages–Connecting Schools to Communities,2-s2.0-85156175595,10.1007/978-3-031-22867-4_15
Making data platforms smarter with MOSES,2-s2.0-85109035166,10.1016/j.future.2021.06.031,Black Greek Step Shows,2-s2.0-85156153930,10.1007/978-3-031-15617-5_8
Making data platforms smarter with MOSES,2-s2.0-85109035166,10.1016/j.future.2021.06.031,Languages Around Us: (In)visibility Matters,2-s2.0-85156150995,10.1007/978-3-031-22867-4_2
Making data platforms smarter with MOSES,2-s2.0-85109035166,10.1016/j.future.2021.06.031,"Bongo Fleva: Its Lyrics, “Inappropriate” Content, Source, and Possible Harm",2-s2.0-85156146907,10.1007/978-3-031-15617-5_16
Making data platforms smarter with MOSES,2-s2.0-85109035166,10.1016/j.future.2021.06.031,Welcome Culture and Bureaucratic Ambiguity: Germany’s Complex Asylum Regime,2-s2.0-85156146236,10.1007/978-3-031-26002-5_14
Making data platforms smarter with MOSES,2-s2.0-85109035166,10.1016/j.future.2021.06.031,Potential Technologies to Develop Cellulose Beads and Microspheres,2-s2.0-85156136052,10.1007/978-981-99-1655-9_6
Making data platforms smarter with MOSES,2-s2.0-85109035166,10.1016/j.future.2021.06.031,Documenting the Migrant Journey in Ai Weiwei’s Human Flow and Diego Quemada-Díez’s La Jaula de Oro,2-s2.0-85156125787,10.1007/978-3-031-26216-6_5
Making data platforms smarter with MOSES,2-s2.0-85109035166,10.1016/j.future.2021.06.031,Recent Advances in Regenerated Cellulosic Materials and Composites for Multifunctional Applications: A Review,2-s2.0-85156119227,10.1007/978-981-99-1655-9_3
Making data platforms smarter with MOSES,2-s2.0-85109035166,10.1016/j.future.2021.06.031,"Battles, Raps, Cappin’, The Dozens: African-American Oral Traditions of Insult",2-s2.0-85156117682,10.1007/978-3-031-15617-5_7
Making data platforms smarter with MOSES,2-s2.0-85109035166,10.1016/j.future.2021.06.031,Reliability Characteristics and Optimization of Warm Standby Systems,2-s2.0-85153881772,10.1007/978-1-4471-7503-2_20
Making data platforms smarter with MOSES,2-s2.0-85109035166,10.1016/j.future.2021.06.031,"Hardware and Software Reliability, Verification, and Testing",2-s2.0-85153873248,10.1007/978-1-4471-7503-2_22
Making data platforms smarter with MOSES,2-s2.0-85109035166,10.1016/j.future.2021.06.031,Six Sigma,2-s2.0-85153865580,10.1007/978-1-4471-7503-2_13
Making data platforms smarter with MOSES,2-s2.0-85109035166,10.1016/j.future.2021.06.031,Genetic Algorithms and Their Applications,2-s2.0-85153860974,10.1007/978-1-4471-7503-2_33
Making data platforms smarter with MOSES,2-s2.0-85109035166,10.1016/j.future.2021.06.031,D-Efficient Mixed-Level Foldover Designs for Screening Experiments,2-s2.0-85153846275,10.1007/978-1-4471-7503-2_16
Making data platforms smarter with MOSES,2-s2.0-85109035166,10.1016/j.future.2021.06.031,Indirect Calorimetry to Assess Energy Balance in Mice: Measurement and Data Analysis,2-s2.0-85152978927,10.1007/978-1-0716-3167-6_9
Making data platforms smarter with MOSES,2-s2.0-85109035166,10.1016/j.future.2021.06.031,Vision Paper: Do We Need to Change Some Things?: Open Questions Posed by the Upcoming Post-quantum Migration to Existing Standards and Deployments,2-s2.0-85152589300,10.1007/978-3-031-30731-7_4
Making data platforms smarter with MOSES,2-s2.0-85109035166,10.1016/j.future.2021.06.031,Writing Science Fiction as an Inspiration for AI Research and Ethics Dissemination,2-s2.0-85152586505,10.1007/978-3-031-24349-3_17
Making data platforms smarter with MOSES,2-s2.0-85109035166,10.1016/j.future.2021.06.031,Transaction Prediction by Using Graph Neural Network and Textual Industry Information,2-s2.0-85152581880,10.1007/978-3-031-29168-5_17
Making data platforms smarter with MOSES,2-s2.0-85109035166,10.1016/j.future.2021.06.031,Intelligent Drug Delivery Systems,2-s2.0-85152578853,10.1007/978-3-031-29717-5_21
Making data platforms smarter with MOSES,2-s2.0-85109035166,10.1016/j.future.2021.06.031,Ontology-Based Analysis of Job Offers for Medical Practitioners in Poland,2-s2.0-85152578512,10.1007/978-3-031-29717-5_6
Making data platforms smarter with MOSES,2-s2.0-85109035166,10.1016/j.future.2021.06.031,SecondOponionNet: A Novel Neural Network Architecture to Detect Coronary Atherosclerosis in Coronary CT Angiography,2-s2.0-85152577334,10.1007/978-3-031-29717-5_13
Making data platforms smarter with MOSES,2-s2.0-85109035166,10.1016/j.future.2021.06.031,Overfitting Problem in the Approximate Bayesian Computation Method Based on Maxima Weighted Isolation Kernel,2-s2.0-85152573690,10.1007/978-3-031-29168-5_18
Making data platforms smarter with MOSES,2-s2.0-85109035166,10.1016/j.future.2021.06.031,Argumentation in AI,2-s2.0-85152571633,10.1007/978-3-031-24349-3_18
Making data platforms smarter with MOSES,2-s2.0-85109035166,10.1016/j.future.2021.06.031,Less is Better: Constructing Legal Question Answering System by Weighing Longest Common Subsequence of Disjunctive Union Text,2-s2.0-85152563758,10.1007/978-3-031-29168-5_11
Making data platforms smarter with MOSES,2-s2.0-85109035166,10.1016/j.future.2021.06.031,On Complexity and Generality of Contrary Prioritized Defeasible Theory,2-s2.0-85152558687,10.1007/978-3-031-29168-5_2
Making data platforms smarter with MOSES,2-s2.0-85109035166,10.1016/j.future.2021.06.031,Cost Effectiveness Analysis of Real and in Silico Clinical Trials for Stent Deployment Based on Decision Tree,2-s2.0-85152550942,10.1007/978-3-031-29717-5_22
Making data platforms smarter with MOSES,2-s2.0-85109035166,10.1016/j.future.2021.06.031,Interactive Robot Learning: An Overview,2-s2.0-85152548893,10.1007/978-3-031-24349-3_9
Making data platforms smarter with MOSES,2-s2.0-85109035166,10.1016/j.future.2021.06.031,Mathematical Modeling of COVID-19 Spread Using Genetic Programming Algorithm,2-s2.0-85152546353,10.1007/978-3-031-29717-5_19
Making data platforms smarter with MOSES,2-s2.0-85109035166,10.1016/j.future.2021.06.031,A Study of KEM Generalizations,2-s2.0-85152539153,10.1007/978-3-031-30731-7_3
Making data platforms smarter with MOSES,2-s2.0-85109035166,10.1016/j.future.2021.06.031,Quantum-Resistant MACsec and IPsec for Virtual Private Networks,2-s2.0-85152527767,10.1007/978-3-031-30731-7_1
Making data platforms smarter with MOSES,2-s2.0-85109035166,10.1016/j.future.2021.06.031,Agent-Based Social Simulation for Policy Making,2-s2.0-85152526853,10.1007/978-3-031-24349-3_20
Making data platforms smarter with MOSES,2-s2.0-85109035166,10.1016/j.future.2021.06.031,HUKB at the COLIEE 2022 Statute Law Task,2-s2.0-85152524855,10.1007/978-3-031-29168-5_8
Making data platforms smarter with MOSES,2-s2.0-85109035166,10.1016/j.future.2021.06.031,On Reducing Underutilization of Security Standards by Deriving Actionable Rules: An Application to IoT,2-s2.0-85152522856,10.1007/978-3-031-30731-7_5
Making data platforms smarter with MOSES,2-s2.0-85109035166,10.1016/j.future.2021.06.031,Advances in the Use of Artificial Intelligence and Sensor Technologies for Managing Industrial Workplace Safety,2-s2.0-85152518610,10.1007/978-3-031-29717-5_1
Making data platforms smarter with MOSES,2-s2.0-85109035166,10.1016/j.future.2021.06.031,nigam@COLIEE-22: Legal Case Retrieval and Entailment Using Cascading of Lexical and Semantic-Based Models,2-s2.0-85152517635,10.1007/978-3-031-29168-5_7
Making data platforms smarter with MOSES,2-s2.0-85109035166,10.1016/j.future.2021.06.031,Mapping Similar Provisions Between Japanese and Foreign Laws,2-s2.0-85152515611,10.1007/978-3-031-29168-5_3
Making data platforms smarter with MOSES,2-s2.0-85109035166,10.1016/j.future.2021.06.031,Convergence Education Based on the Liberal Arts: Focusing on the Lecture-Pairing,2-s2.0-85152472480,10.1007/978-3-031-15527-7_8
Making data platforms smarter with MOSES,2-s2.0-85109035166,10.1016/j.future.2021.06.031,Walker’s Solution for Curved Magnonic Waveguide and Resonant Modes in Magnonic Ring,2-s2.0-85152440782,10.1007/978-3-031-22665-6_5
Making data platforms smarter with MOSES,2-s2.0-85109035166,10.1016/j.future.2021.06.031,Achieving CSR with Artificially Intelligent Nudging,2-s2.0-85152413687,10.1007/978-3-031-09245-9_15
Making data platforms smarter with MOSES,2-s2.0-85109035166,10.1016/j.future.2021.06.031,Concerted Actions to Integrate Corporate Social Responsibility with AI in Business: Two Recommendations on Leadership and Public Policy,2-s2.0-85152404114,10.1007/978-3-031-09245-9_13
Making data platforms smarter with MOSES,2-s2.0-85109035166,10.1016/j.future.2021.06.031,Technology Serves People: Democratising Analytics and AI in the BMW Production System,2-s2.0-85152389627,10.1007/978-3-031-09245-9_7
Making data platforms smarter with MOSES,2-s2.0-85109035166,10.1016/j.future.2021.06.031,Artificial Intelligence: Companion to a New Human “Measure”?,2-s2.0-85152367474,10.1007/978-3-031-09245-9_2
Making data platforms smarter with MOSES,2-s2.0-85109035166,10.1016/j.future.2021.06.031,Curriculum-RL Based Air Combat Decision-Making,2-s2.0-85151164859,10.1007/978-981-19-6613-2_447
Making data platforms smarter with MOSES,2-s2.0-85109035166,10.1016/j.future.2021.06.031,Application of Improved Ant Colony Algorithm in Path Planning of Underwater Robot,2-s2.0-85151164610,10.1007/978-981-19-6613-2_407
Making data platforms smarter with MOSES,2-s2.0-85109035166,10.1016/j.future.2021.06.031,"Service Is Good, Very Good or Excellent? Towards Aspect Based Sentiment Intensity Analysis",2-s2.0-85151160554,10.1007/978-3-031-28244-7_43
Making data platforms smarter with MOSES,2-s2.0-85109035166,10.1016/j.future.2021.06.031,Performance Evaluation of Pineapple Crown Fibers (Ananas Comosus) in Cementitious Composites,2-s2.0-85151160421,10.1007/978-3-031-22576-5_51
Making data platforms smarter with MOSES,2-s2.0-85109035166,10.1016/j.future.2021.06.031,Use of Ceramic Waste in Different Percentages as a Replacement of the Fine Aggregate in Mortars,2-s2.0-85151155274,10.1007/978-3-031-22622-9_13
Making data platforms smarter with MOSES,2-s2.0-85109035166,10.1016/j.future.2021.06.031,M2Coder: A Fully Automated Translator from Matlab M-functions to C/C++ Codes for ACS Motion Controllers,2-s2.0-85151154756,10.1007/978-981-19-6613-2_304
Making data platforms smarter with MOSES,2-s2.0-85109035166,10.1016/j.future.2021.06.031,Particle Filter Method Based on Angle of Arrival for Seeking Radioactive Source,2-s2.0-85151152513,10.1007/978-981-19-6613-2_107
Making data platforms smarter with MOSES,2-s2.0-85109035166,10.1016/j.future.2021.06.031,Generation of Lateral Navigation Transition Path Based on Dubins Method,2-s2.0-85151152429,10.1007/978-981-19-6613-2_467
Making data platforms smarter with MOSES,2-s2.0-85109035166,10.1016/j.future.2021.06.031,Evaluation of Coating Mortars with the Addition of Natural and Treated Açaí Seed (Euterpe Oleracea Mart.),2-s2.0-85151151627,10.1007/978-3-031-22576-5_37
Making data platforms smarter with MOSES,2-s2.0-85109035166,10.1016/j.future.2021.06.031,Multi-constraint Online Guidance Method Based on Meta-learning,2-s2.0-85151150431,10.1007/978-981-19-6613-2_226
Making data platforms smarter with MOSES,2-s2.0-85109035166,10.1016/j.future.2021.06.031,Distributed Fault Estimation for Multi-agent Systems Subject to Multiple Time Delays,2-s2.0-85151150294,10.1007/978-981-19-6613-2_634
Making data platforms smarter with MOSES,2-s2.0-85109035166,10.1016/j.future.2021.06.031,Design of High-Entropy Ceramics with IGZO-Based Compounds for Electroceramics Applications,2-s2.0-85151146171,10.1007/978-3-031-22622-9_1
Making data platforms smarter with MOSES,2-s2.0-85109035166,10.1016/j.future.2021.06.031,Multi-UAV Task Assignment Based on the Improved Discrete Pigeon-Inspired Optimization Algorithm,2-s2.0-85151145495,10.1007/978-981-19-6613-2_708
Making data platforms smarter with MOSES,2-s2.0-85109035166,10.1016/j.future.2021.06.031,Multiple Faults Detection Algorithm Based on REKF for GNSS/INS Integrated Navigation,2-s2.0-85151144827,10.1007/978-981-19-6613-2_89
Making data platforms smarter with MOSES,2-s2.0-85109035166,10.1016/j.future.2021.06.031,MBSE-Based Turbofan Engine System Simulation Platform Design,2-s2.0-85151138527,10.1007/978-981-19-6613-2_452
Making data platforms smarter with MOSES,2-s2.0-85109035166,10.1016/j.future.2021.06.031,Preparation of FeMnAlSiC Powder by CO<inf>2</inf>-Steel Slag Cooperative Electro Deoxidation,2-s2.0-85151138172,10.1007/978-3-031-22622-9_11
Making data platforms smarter with MOSES,2-s2.0-85109035166,10.1016/j.future.2021.06.031,Research on Fault Tolerant Control Technology of Highly Reliable Aerospace Servo Motor,2-s2.0-85151136923,10.1007/978-981-19-6613-2_167
Making data platforms smarter with MOSES,2-s2.0-85109035166,10.1016/j.future.2021.06.031,Social Media Affordances for Disaster Management,2-s2.0-85151136393,10.1007/978-3-031-28472-4_9
Making data platforms smarter with MOSES,2-s2.0-85109035166,10.1016/j.future.2021.06.031,Effect of Fly Ash as Additive or Substitute for Portland Cement on the Initial Absorption of Concrete Blocks (Vibro-Compacted),2-s2.0-85151135465,10.1007/978-3-031-22576-5_35
Making data platforms smarter with MOSES,2-s2.0-85109035166,10.1016/j.future.2021.06.031,Aircraft Avoidance of Suborbital Debris Hazard Zone Based on Lazy Theta* Algorithm,2-s2.0-85151130820,10.1007/978-981-19-6613-2_48
Making data platforms smarter with MOSES,2-s2.0-85109035166,10.1016/j.future.2021.06.031,Simulation of Atmospheric Disturbance During Approaching and Landing of Civil Aircraft,2-s2.0-85151130679,10.1007/978-981-19-6613-2_593
Making data platforms smarter with MOSES,2-s2.0-85109035166,10.1016/j.future.2021.06.031,Melting and Solidification Behaviors of the Copper Slags with Different CaO Content at Various Oxygen Partial Pressures,2-s2.0-85151129937,10.1007/978-3-031-22576-5_13
Making data platforms smarter with MOSES,2-s2.0-85109035166,10.1016/j.future.2021.06.031,Anti-swing Coordinated Control of the UAV Wing Folding During the Aerial Recovery Process,2-s2.0-85151129510,10.1007/978-981-19-6613-2_503
Making data platforms smarter with MOSES,2-s2.0-85109035166,10.1016/j.future.2021.06.031,CAT III Auto-landing Modal Design and Simulation for Civil Aircraft,2-s2.0-85151126962,10.1007/978-981-19-6613-2_230
Making data platforms smarter with MOSES,2-s2.0-85109035166,10.1016/j.future.2021.06.031,An Algorithm for Automatic Creation of Ground Level Maps in Two-Dimensional Top-Down Digital Role Playing Games,2-s2.0-85151124473,10.1007/978-3-031-22025-8_15
Making data platforms smarter with MOSES,2-s2.0-85109035166,10.1016/j.future.2021.06.031,Multi-UAV Cooperative Hunting Using PSO in 3D Cluttered Environment,2-s2.0-85151123618,10.1007/978-981-19-6613-2_352
Making data platforms smarter with MOSES,2-s2.0-85109035166,10.1016/j.future.2021.06.031,A Review on Tracking Control of the Underactuated Vessel with Time Delays,2-s2.0-85151123481,10.1007/978-981-19-6613-2_4
Making data platforms smarter with MOSES,2-s2.0-85109035166,10.1016/j.future.2021.06.031,Formal Modeling and Safety Verification for Mode Logic Requirements of Flight Guidance Control System,2-s2.0-85151123466,10.1007/978-981-19-6613-2_627
Making data platforms smarter with MOSES,2-s2.0-85109035166,10.1016/j.future.2021.06.031,A Study on Modeling and Simulation Method for Aircraft Generator Voltage Regulation,2-s2.0-85151122977,10.1007/978-981-19-6613-2_640
Making data platforms smarter with MOSES,2-s2.0-85109035166,10.1016/j.future.2021.06.031,Evaluation of Different Treatment Methods of Natural Açai Fibers (Euterpe Oleracea Mart.) for Cement Composites,2-s2.0-85151121323,10.1007/978-3-031-22576-5_38
Making data platforms smarter with MOSES,2-s2.0-85109035166,10.1016/j.future.2021.06.031,Optimal Matching of Multi-satellites Configuration Changes for On-Oribit Service,2-s2.0-85151120634,10.1007/978-981-19-6613-2_698
Making data platforms smarter with MOSES,2-s2.0-85109035166,10.1016/j.future.2021.06.031,Development of a System Based on an Artificial Vision to Determine the Length of Billets in the Cutting Process in Steel Mills,2-s2.0-85151052379,10.1007/978-3-031-24327-1_19
Making data platforms smarter with MOSES,2-s2.0-85109035166,10.1016/j.future.2021.06.031,Relieving Pixel-Wise Labeling Effort for Pathology Image Segmentation with Self-training,2-s2.0-85150973281,10.1007/978-3-031-25082-8_39
Making data platforms smarter with MOSES,2-s2.0-85109035166,10.1016/j.future.2021.06.031,"Production and Reproduction of Space and Culture in the Virtual Realm: Gated Communities as the Imaginary, Intermediary, and Real Spaces",2-s2.0-85149997675,10.1007/978-981-19-9685-6_6
Making data platforms smarter with MOSES,2-s2.0-85109035166,10.1016/j.future.2021.06.031,Social Networks and Climate Change,2-s2.0-85149969133,10.1007/978-3-031-23108-7_3
Making data platforms smarter with MOSES,2-s2.0-85109035166,10.1016/j.future.2021.06.031,Assuring the Evolvability of Legacy Systems in Devops Transformation/Adoption: Insights of an Experience Report,2-s2.0-85149899528,10.1007/978-3-031-25648-6_3
Making data platforms smarter with MOSES,2-s2.0-85109035166,10.1016/j.future.2021.06.031,Hardware Execution Time Prediction for Neural Network Layers,2-s2.0-85149893608,10.1007/978-3-031-23618-1_39
Making data platforms smarter with MOSES,2-s2.0-85109035166,10.1016/j.future.2021.06.031,Retinotopic Image Encoding by Samples of Counts,2-s2.0-85149891234,10.1007/978-3-031-24538-1_3
Making data platforms smarter with MOSES,2-s2.0-85109035166,10.1016/j.future.2021.06.031,Hierarchical Design Space Exploration for Distributed CNN Inference at the Edge,2-s2.0-85149890498,10.1007/978-3-031-23618-1_36
Making data platforms smarter with MOSES,2-s2.0-85109035166,10.1016/j.future.2021.06.031,Analyzing Passing Sequences for the Prediction of Goal-Scoring Opportunities,2-s2.0-85149887526,10.1007/978-3-031-27527-2_3
Making data platforms smarter with MOSES,2-s2.0-85109035166,10.1016/j.future.2021.06.031,Output Feedback Reference Tracking and Disturbance Rejection for Constrained Linear Systems Using Invariant Sets,2-s2.0-85149886439,10.1007/978-3-031-26474-0_7
Making data platforms smarter with MOSES,2-s2.0-85109035166,10.1016/j.future.2021.06.031,Toward Real-Time Multi-objective Optimization for Bus Service KPIs,2-s2.0-85149886286,10.1007/978-3-031-26474-0_2
Making data platforms smarter with MOSES,2-s2.0-85109035166,10.1016/j.future.2021.06.031,Shot Analysis in Different Levels of German Football Using Expected Goals,2-s2.0-85149881748,10.1007/978-3-031-27527-2_2
Making data platforms smarter with MOSES,2-s2.0-85109035166,10.1016/j.future.2021.06.031,"Flash Flood Simulation Between Slănic and Vărbilău Rivers in Vărbilău Village, Prahova County, Romania, Using Hydraulic Modeling and GIS Techniques",2-s2.0-85149868409,10.1007/978-3-031-27034-5_21
Making data platforms smarter with MOSES,2-s2.0-85109035166,10.1016/j.future.2021.06.031,A Methodology for Designing the Flight Deck Windows,2-s2.0-85149867931,10.1007/978-981-99-0651-2_1
Making data platforms smarter with MOSES,2-s2.0-85109035166,10.1016/j.future.2021.06.031,Deep Learning-Based Screen Text Detection and Recognition for Onboard Maintenance Systems,2-s2.0-85149867517,10.1007/978-981-99-0651-2_2
Making data platforms smarter with MOSES,2-s2.0-85109035166,10.1016/j.future.2021.06.031,An Ontology-Based Approach for Setting Security Policies in Smart Homes,2-s2.0-85149861121,10.1007/978-3-031-25467-3_1
Making data platforms smarter with MOSES,2-s2.0-85109035166,10.1016/j.future.2021.06.031,Shrinkage Estimators for Uplift Regression,2-s2.0-85149859174,10.1007/978-3-031-23618-1_35
Making data platforms smarter with MOSES,2-s2.0-85109035166,10.1016/j.future.2021.06.031,Deep Neural Network and YUKI Algorithm for Inner Damage Characterization Based on Elastic Boundary Displacement,2-s2.0-85149841173,10.1007/978-3-031-24041-6_18
Making data platforms smarter with MOSES,2-s2.0-85109035166,10.1016/j.future.2021.06.031,Damage Identification in Thin Steel Beams Containing a Horizontal Crack Using the Artificial Neural Networks,2-s2.0-85149827587,10.1007/978-3-031-24041-6_9
Making data platforms smarter with MOSES,2-s2.0-85109035166,10.1016/j.future.2021.06.031,"Authentication, Authorization, and Selective Disclosure for IoT Data Sharing Using Verifiable Credentials and Zero-Knowledge Proofs",2-s2.0-85149818641,10.1007/978-3-031-25467-3_6
Making data platforms smarter with MOSES,2-s2.0-85109035166,10.1016/j.future.2021.06.031,A Social Media Tool for Domain-Specific Information Retrieval - A Case Study in Human Trafficking,2-s2.0-85149812761,10.1007/978-3-031-23618-1_2
Making data platforms smarter with MOSES,2-s2.0-85109035166,10.1016/j.future.2021.06.031,Darcy Problem Solution in a Mixed Formulation for Geological Media of Various Structures,2-s2.0-85149811983,10.1007/978-3-031-23744-7_7
Making data platforms smarter with MOSES,2-s2.0-85109035166,10.1016/j.future.2021.06.031,An IoUT-Based Platform for Managing Underwater Cultural Heritage,2-s2.0-85149703444,10.1007/978-3-031-23210-7_12
Making data platforms smarter with MOSES,2-s2.0-85109035166,10.1016/j.future.2021.06.031,An Artificial Intelligence and Simulation Approach to Climate-Conflict-Migration Driven Security Issues,2-s2.0-85149703113,10.1007/978-3-031-26754-3_13
Making data platforms smarter with MOSES,2-s2.0-85109035166,10.1016/j.future.2021.06.031,Cyber-Physical Management as a Mechanism to Increase the Survivability of the DR-Aggregator,2-s2.0-85149695782,10.1007/978-3-031-24820-7_9
Making data platforms smarter with MOSES,2-s2.0-85109035166,10.1016/j.future.2021.06.031,"Transport Emissions from Sofia’s Streets - Inventory, Scenarios, and Exposure Setting",2-s2.0-85149692874,10.1007/978-3-031-26754-3_20
Making data platforms smarter with MOSES,2-s2.0-85109035166,10.1016/j.future.2021.06.031,Temporal Variations of Black Carbon in the Urban Air Particulate Matter of Sofia–Observed and Modelled,2-s2.0-85149692031,10.1007/978-3-031-26754-3_21
Making data platforms smarter with MOSES,2-s2.0-85109035166,10.1016/j.future.2021.06.031,Some Results on the Analysis of the Kaliningrad Power System in Isolated Operation with a Battery,2-s2.0-85149691440,10.1007/978-3-031-24820-7_14
Making data platforms smarter with MOSES,2-s2.0-85109035166,10.1016/j.future.2021.06.031,Race Condition Error Detection in a Program Executed on a Device with Limited Memory Resources,2-s2.0-85149690653,10.1007/978-3-031-23210-7_2
Making data platforms smarter with MOSES,2-s2.0-85109035166,10.1016/j.future.2021.06.031,The Frequency of Freeze-Thaw Cycles Across Balkan Peninsula in the Period 1991 – 2020,2-s2.0-85149681838,10.1007/978-3-031-26754-3_11
Making data platforms smarter with MOSES,2-s2.0-85109035166,10.1016/j.future.2021.06.031,Denial of Service Attack Detection Based on Feature Extraction and Supervised Techniques,2-s2.0-85149679186,10.1007/978-3-031-23210-7_6
Making data platforms smarter with MOSES,2-s2.0-85109035166,10.1016/j.future.2021.06.031,Management Software Power Consumption During Operation Objects of Technocenological Type,2-s2.0-85149678827,10.1007/978-3-031-24820-7_13
Making data platforms smarter with MOSES,2-s2.0-85109035166,10.1016/j.future.2021.06.031,Identification of Coastal Flooding Hotspots in a Large Bay Using an Index-Based Risk Assessment Approach,2-s2.0-85149675715,10.1007/978-3-031-26754-3_5
Making data platforms smarter with MOSES,2-s2.0-85109035166,10.1016/j.future.2021.06.031,Analysis of Speeches in Indian Parliamentary Debates,2-s2.0-85149671190,10.1007/978-3-031-23793-5_20
Making data platforms smarter with MOSES,2-s2.0-85109035166,10.1016/j.future.2021.06.031,PAHs and Black Carbon in Urban Air Particulate Matter in Bulgaria,2-s2.0-85149669632,10.1007/978-3-031-26754-3_23
Making data platforms smarter with MOSES,2-s2.0-85109035166,10.1016/j.future.2021.06.031,Climate Change Implications on the Condition of the Road Surface in Bulgaria,2-s2.0-85149665198,10.1007/978-3-031-26754-3_9
Making data platforms smarter with MOSES,2-s2.0-85109035166,10.1016/j.future.2021.06.031,Evaluation of the Nakamura Vulnerability Index of a Cast-in-Situ Reinforced-Concrete Building from Ambient Noise Records,2-s2.0-85149659638,10.1007/978-3-031-26754-3_6
Making data platforms smarter with MOSES,2-s2.0-85109035166,10.1016/j.future.2021.06.031,Threat Detection in URLs by Applying Machine Learning Algorithms<sup>*</sup>,2-s2.0-85149649742,10.1007/978-3-031-23210-7_21
Making data platforms smarter with MOSES,2-s2.0-85109035166,10.1016/j.future.2021.06.031,Identification of Lemmatization Errors Using Neural Models,2-s2.0-85149648949,10.1007/978-3-031-23793-5_32
Making data platforms smarter with MOSES,2-s2.0-85109035166,10.1016/j.future.2021.06.031,Super-Attention for Exemplar-Based Image Colorization,2-s2.0-85149641221,10.1007/978-3-031-26284-5_39
Making data platforms smarter with MOSES,2-s2.0-85109035166,10.1016/j.future.2021.06.031,Multivariate Statistical Modelling of Urban Air-Quality,2-s2.0-85149631493,10.1007/978-3-031-26754-3_19
Making data platforms smarter with MOSES,2-s2.0-85109035166,10.1016/j.future.2021.06.031,Framework Development for Marine Ports Digitalization,2-s2.0-85149631172,10.1007/978-3-031-24820-7_7
Making data platforms smarter with MOSES,2-s2.0-85109035166,10.1016/j.future.2021.06.031,Estimation of the Historical and Future Renewable Energy Potential with RegCM4 over the Region of Southeastern Europe,2-s2.0-85149631095,10.1007/978-3-031-26754-3_14
Making data platforms smarter with MOSES,2-s2.0-85109035166,10.1016/j.future.2021.06.031,Assessment of Contemporary Climate Change in Bulgaria Using the Köppen-Geiger Climate Classification,2-s2.0-85149629868,10.1007/978-3-031-26754-3_12
Making data platforms smarter with MOSES,2-s2.0-85109035166,10.1016/j.future.2021.06.031,Impact of Regulatory Measures on Pollutants Concentration in Urban Street Canyon – A Pilot Study,2-s2.0-85149622640,10.1007/978-3-031-26754-3_18
Making data platforms smarter with MOSES,2-s2.0-85109035166,10.1016/j.future.2021.06.031,Full Inflection Learning Using Deep Neural Networks,2-s2.0-85149619219,10.1007/978-3-031-23793-5_33
Making data platforms smarter with MOSES,2-s2.0-85109035166,10.1016/j.future.2021.06.031,Cellular and Genetic Programs Underlying Cerebellum Development,2-s2.0-85149480346,10.1007/978-3-031-23104-9_3
Making data platforms smarter with MOSES,2-s2.0-85109035166,10.1016/j.future.2021.06.031,Mainstreaming Sustainable Urban Mobility – The Mieri-Mobil Project,2-s2.0-85149469603,10.1007/978-3-031-26155-8_9
Making data platforms smarter with MOSES,2-s2.0-85109035166,10.1016/j.future.2021.06.031,Liang the Buddhist,2-s2.0-85149464520,10.1007/978-3-031-18002-6_3
Making data platforms smarter with MOSES,2-s2.0-85109035166,10.1016/j.future.2021.06.031,Methodological Paths to Achieve Inclusive Digital Mobility Solutions: Target-Group Capabilities and Limitations,2-s2.0-85149456671,10.1007/978-3-031-26155-8_6
Making data platforms smarter with MOSES,2-s2.0-85109035166,10.1016/j.future.2021.06.031,Framing Digital Mobility Gap: A Starting Point in the Design of Inclusive Mobility Eco-Systems,2-s2.0-85149455760,10.1007/978-3-031-26155-8_14
Making data platforms smarter with MOSES,2-s2.0-85109035166,10.1016/j.future.2021.06.031,Liang the Rural Reformer,2-s2.0-85149447949,10.1007/978-3-031-18002-6_8
Making data platforms smarter with MOSES,2-s2.0-85109035166,10.1016/j.future.2021.06.031,Semi-supervised Multi-domain Learning for Medical Image Classification,2-s2.0-85148698141,10.1007/978-3-031-23599-3_3
Making data platforms smarter with MOSES,2-s2.0-85109035166,10.1016/j.future.2021.06.031,Analyzing Chest X-Ray to Detect the Evidence of Lung Abnormality Due to Infectious Disease,2-s2.0-85148695290,10.1007/978-3-031-23599-3_6
Making data platforms smarter with MOSES,2-s2.0-85109035166,10.1016/j.future.2021.06.031,Using Gamification to Develop Vocabulary and Grammar Among A1 Level of English Students: A Quasi-Experimental Design,2-s2.0-85148241581,10.1007/978-3-031-24978-5_16
Making data platforms smarter with MOSES,2-s2.0-85109035166,10.1016/j.future.2021.06.031,Performance in the Practice of Mountain Biking Using the Samsung Health App: An Experience in Physical Education with University Students,2-s2.0-85148217236,10.1007/978-3-031-24978-5_18
Making data platforms smarter with MOSES,2-s2.0-85109035166,10.1016/j.future.2021.06.031,Musculoskeletal Ailments and Working Conditions in Teachers Who Telework: A Case Study from a Private Institution in the City of Guayaquil,2-s2.0-85148215133,10.1007/978-3-031-24978-5_24
Making data platforms smarter with MOSES,2-s2.0-85109035166,10.1016/j.future.2021.06.031,"Inclusive Policies and Teaching Practices in Educational Institutions, in Pandemic",2-s2.0-85148214952,10.1007/978-3-031-24978-5_27
Making data platforms smarter with MOSES,2-s2.0-85109035166,10.1016/j.future.2021.06.031,"Culture and Job Satisfaction in an Agroindustrial Company Chepén, 2021",2-s2.0-85148213347,10.1007/978-3-031-24978-5_32
Making data platforms smarter with MOSES,2-s2.0-85109035166,10.1016/j.future.2021.06.031,Demystifying EFL Teachers’ Experiences During the Pandemic: A Study of the Psychosocial Risks Resulting from COVID-19,2-s2.0-85148212835,10.1007/978-3-031-24978-5_3
Making data platforms smarter with MOSES,2-s2.0-85109035166,10.1016/j.future.2021.06.031,An Application of Information Granules to Detect Anomalies in COVID-19 Reports,2-s2.0-85148102809,10.1007/978-3-031-23492-7_16
Making data platforms smarter with MOSES,2-s2.0-85109035166,10.1016/j.future.2021.06.031,An Empirical Study of Adversarial Domain Adaptation on Time Series Data,2-s2.0-85148068139,10.1007/978-3-031-23492-7_4
Making data platforms smarter with MOSES,2-s2.0-85109035166,10.1016/j.future.2021.06.031,Synthetic Slowness Shear Well-Log Prediction Using Supervised Machine Learning Models,2-s2.0-85148062356,10.1007/978-3-031-23492-7_11
Making data platforms smarter with MOSES,2-s2.0-85109035166,10.1016/j.future.2021.06.031,A New Computational Approach to the Levenberg-Marquardt Learning Algorithm,2-s2.0-85148058744,10.1007/978-3-031-23492-7_2
Making data platforms smarter with MOSES,2-s2.0-85109035166,10.1016/j.future.2021.06.031,The Concept of Use of Process Data and Enterprise Architecture to Optimize the Production Process,2-s2.0-85148048389,10.1007/978-3-031-25844-2_7
Making data platforms smarter with MOSES,2-s2.0-85109035166,10.1016/j.future.2021.06.031,An Effective Approach for Stepping-Stone Intrusion Detection Using Packet Crossover,2-s2.0-85148047047,10.1007/978-3-031-25659-2_6
Making data platforms smarter with MOSES,2-s2.0-85109035166,10.1016/j.future.2021.06.031,A Cross-layer Plausibly Deniable Encryption System for Mobile Devices,2-s2.0-85148041937,10.1007/978-3-031-25538-0_9
Making data platforms smarter with MOSES,2-s2.0-85109035166,10.1016/j.future.2021.06.031,Blockchain-Based Ciphertext Policy-Hiding Access Control Scheme,2-s2.0-85148041010,10.1007/978-3-031-25538-0_15
Making data platforms smarter with MOSES,2-s2.0-85109035166,10.1016/j.future.2021.06.031,Detection and Privacy Leakage Analysis of Third-Party Libraries in Android Apps,2-s2.0-85148039551,10.1007/978-3-031-25538-0_30
Making data platforms smarter with MOSES,2-s2.0-85109035166,10.1016/j.future.2021.06.031,MAG-PUF: Magnetic Physical Unclonable Functions for Device Authentication in the IoT,2-s2.0-85148035316,10.1007/978-3-031-25538-0_8
Making data platforms smarter with MOSES,2-s2.0-85109035166,10.1016/j.future.2021.06.031,CapsITD: Malicious Insider Threat Detection Based on Capsule Neural Network,2-s2.0-85148031132,10.1007/978-3-031-25538-0_4
Making data platforms smarter with MOSES,2-s2.0-85109035166,10.1016/j.future.2021.06.031,"PREFHE, PREFHE-AES and PREFHE-SGX: Secure Multiparty Computation Protocols from Fully Homomorphic Encryption and Proxy ReEncryption with AES and Intel SGX",2-s2.0-85148023111,10.1007/978-3-031-25538-0_43
Making data platforms smarter with MOSES,2-s2.0-85109035166,10.1016/j.future.2021.06.031,StencilTorch: An Iterative and User-Guided Framework for Anime Lineart Colorization,2-s2.0-85148022466,10.1007/978-3-031-25825-1_1
Making data platforms smarter with MOSES,2-s2.0-85109035166,10.1016/j.future.2021.06.031,Enabling Accurate Data Recovery for Mobile Devices Against Malware Attacks,2-s2.0-85148019682,10.1007/978-3-031-25538-0_23
Making data platforms smarter with MOSES,2-s2.0-85109035166,10.1016/j.future.2021.06.031,TLS Goes Low Cost: When TLS Meets Edge,2-s2.0-85148017557,10.1007/978-3-031-25659-2_8
Making data platforms smarter with MOSES,2-s2.0-85109035166,10.1016/j.future.2021.06.031,Heptic Hermite Collocation on Finite Elements,2-s2.0-85148017089,10.1007/978-981-19-7272-0_38
Making data platforms smarter with MOSES,2-s2.0-85109035166,10.1016/j.future.2021.06.031,Group Signatures with Designated Traceability over Openers’ Attributes in Bilinear Groups,2-s2.0-85148016670,10.1007/978-3-031-25659-2_3
Making data platforms smarter with MOSES,2-s2.0-85109035166,10.1016/j.future.2021.06.031,Object Tracking with Multiple Dynamic Templates Updating,2-s2.0-85148013199,10.1007/978-3-031-25825-1_11
Making data platforms smarter with MOSES,2-s2.0-85109035166,10.1016/j.future.2021.06.031,Collision-Resistant and Pseudorandom Hash Function Using Tweakable Block Cipher,2-s2.0-85148012723,10.1007/978-3-031-25659-2_1
Making data platforms smarter with MOSES,2-s2.0-85109035166,10.1016/j.future.2021.06.031,Breast Cancer Detection Using Machine Learning,2-s2.0-85148009735,10.1007/978-3-031-25344-7_36
Making data platforms smarter with MOSES,2-s2.0-85109035166,10.1016/j.future.2021.06.031,"5G-AKA, Revisited",2-s2.0-85148006538,10.1007/978-3-031-25659-2_9
Making data platforms smarter with MOSES,2-s2.0-85109035166,10.1016/j.future.2021.06.031,Numerical Modelling and Experimental Validation of Mechanical Separation of Helminth Eggs for Wastewater Purification,2-s2.0-85148006251,10.1007/978-981-19-7272-0_13
Making data platforms smarter with MOSES,2-s2.0-85109035166,10.1016/j.future.2021.06.031,A Generalized Unknown Malware Classification,2-s2.0-85148001774,10.1007/978-3-031-25538-0_41
Making data platforms smarter with MOSES,2-s2.0-85109035166,10.1016/j.future.2021.06.031,Analysis of Sounding Rocket Dispersion Using Monte-Carlo Simulation,2-s2.0-85148001478,10.1007/978-3-031-25844-2_4
Making data platforms smarter with MOSES,2-s2.0-85109035166,10.1016/j.future.2021.06.031,No-Fuzz: Efficient Anti-fuzzing Techniques,2-s2.0-85148000670,10.1007/978-3-031-25538-0_38
Making data platforms smarter with MOSES,2-s2.0-85109035166,10.1016/j.future.2021.06.031,PCMask: A Dual-Branch Self-supervised Medical Image Segmentation Method Using Pixel-Level Contrastive Learning and Masked Image Modeling,2-s2.0-85147999541,10.1007/978-3-031-25825-1_36
Making data platforms smarter with MOSES,2-s2.0-85109035166,10.1016/j.future.2021.06.031,A Novel Metric for Password Security Risk Against Dictionary Attacks,2-s2.0-85147997311,10.1007/978-3-031-25659-2_21
Making data platforms smarter with MOSES,2-s2.0-85109035166,10.1016/j.future.2021.06.031,GRETINA: A Large-Scale High-Quality Generated Retinal Image Dataset for Security and Privacy Assessment,2-s2.0-85147996720,10.1007/978-3-031-25825-1_27
Making data platforms smarter with MOSES,2-s2.0-85109035166,10.1016/j.future.2021.06.031,Provably Secure Password-Authenticated Key Exchange Based on SIDH,2-s2.0-85147996619,10.1007/978-3-031-25659-2_2
Making data platforms smarter with MOSES,2-s2.0-85109035166,10.1016/j.future.2021.06.031,Ways of Constructing Multiplicative Magic Cubes,2-s2.0-85147996371,10.1007/978-981-19-7272-0_7
Making data platforms smarter with MOSES,2-s2.0-85109035166,10.1016/j.future.2021.06.031,Dazzle-attack: Anti-Forensic Server-side Attack via Fail-Free Dynamic State Machine,2-s2.0-85147995619,10.1007/978-3-031-25659-2_15
Making data platforms smarter with MOSES,2-s2.0-85109035166,10.1016/j.future.2021.06.031,On Membership Inference Attacks to Generative Language Models Across Language Domains,2-s2.0-85147993880,10.1007/978-3-031-25659-2_11
Making data platforms smarter with MOSES,2-s2.0-85109035166,10.1016/j.future.2021.06.031,AttackMiner: A Graph Neural Network Based Approach for Attack Detection from Audit Logs,2-s2.0-85147993598,10.1007/978-3-031-25538-0_27
Making data platforms smarter with MOSES,2-s2.0-85109035166,10.1016/j.future.2021.06.031,Semantic Ontology for Representing Breast Cancer Terminology,2-s2.0-85147992045,10.1007/978-3-031-25344-7_24
Making data platforms smarter with MOSES,2-s2.0-85109035166,10.1016/j.future.2021.06.031,Bibliometric Analysis of Research Publication Trends on the ICT Use in Government Institutions from 2015–2022,2-s2.0-85147989873,10.1007/978-3-031-25344-7_6
Making data platforms smarter with MOSES,2-s2.0-85109035166,10.1016/j.future.2021.06.031,A Survey on Sensor False Data Injection Attacks and Countermeasures in Cyber-Physical and Embedded Systems,2-s2.0-85147988956,10.1007/978-3-031-25659-2_14
Making data platforms smarter with MOSES,2-s2.0-85109035166,10.1016/j.future.2021.06.031,Hiatus: Unsupervised Generative Approach for Detection of DoS and DDoS Attacks,2-s2.0-85147988445,10.1007/978-3-031-25538-0_28
Making data platforms smarter with MOSES,2-s2.0-85109035166,10.1016/j.future.2021.06.031,Principal Components Method in Control Charts Analysis,2-s2.0-85147987966,10.1007/978-3-031-25844-2_20
Making data platforms smarter with MOSES,2-s2.0-85109035166,10.1016/j.future.2021.06.031,What Data Do the Google Dialer and Messages Apps on Android Send to Google?,2-s2.0-85147986142,10.1007/978-3-031-25538-0_29
Making data platforms smarter with MOSES,2-s2.0-85109035166,10.1016/j.future.2021.06.031,Outlier Detection for Visual Odometry in Vegetated Scenes Using Local Flow Consistency,2-s2.0-85147985973,10.1007/978-3-031-25825-1_17
Making data platforms smarter with MOSES,2-s2.0-85109035166,10.1016/j.future.2021.06.031,Towards Early Public Health Emergency Anticipating with Emerging Non-health Data Per se,2-s2.0-85147984937,10.1007/978-3-031-25344-7_49
Making data platforms smarter with MOSES,2-s2.0-85109035166,10.1016/j.future.2021.06.031,Membership Privacy for Asynchronous Group Messaging,2-s2.0-85147983818,10.1007/978-3-031-25659-2_10
Making data platforms smarter with MOSES,2-s2.0-85109035166,10.1016/j.future.2021.06.031,Note on Distributivity of Different String Operations Over Language Sets,2-s2.0-85147878371,10.1007/978-981-19-7014-6_10
Making data platforms smarter with MOSES,2-s2.0-85109035166,10.1016/j.future.2021.06.031,All Knowledge Is Orientation: Marjorie Grene’s Ecological Epistemology,2-s2.0-85147876808,10.1007/978-3-031-20529-3_3
Making data platforms smarter with MOSES,2-s2.0-85109035166,10.1016/j.future.2021.06.031,The Revolt of French Soldiers Against the Failing Immigration Policy,2-s2.0-85147874107,10.1007/978-3-031-23551-1_6
Making data platforms smarter with MOSES,2-s2.0-85109035166,10.1016/j.future.2021.06.031,The Vicious Circle Escalates: The Terrorist Attacks Against France After 2015,2-s2.0-85147873256,10.1007/978-3-031-23551-1_5
Making data platforms smarter with MOSES,2-s2.0-85109035166,10.1016/j.future.2021.06.031,Self-Organizing Life: Michel Serres and the Problem of Meaning,2-s2.0-85147872725,10.1007/978-3-031-20529-3_12
Making data platforms smarter with MOSES,2-s2.0-85109035166,10.1016/j.future.2021.06.031,Neither Angel Nor Beast: Life and/Versus Mind in Canguilhem and Merleau-Ponty,2-s2.0-85147866326,10.1007/978-3-031-20529-3_9
Making data platforms smarter with MOSES,2-s2.0-85109035166,10.1016/j.future.2021.06.031,Adsorption Cationic Dye on Modified Chitosan with Sodium Dodecyl Sulfate,2-s2.0-85147863118,10.1007/978-981-19-4290-7_7
Making data platforms smarter with MOSES,2-s2.0-85109035166,10.1016/j.future.2021.06.031,PTZ-Camera-Based Facial Expression Analysis using Faster R-CNN for Student Engagement Recognition,2-s2.0-85147858060,10.1007/978-981-19-7169-3_1
Making data platforms smarter with MOSES,2-s2.0-85109035166,10.1016/j.future.2021.06.031,"Prediction of Suspended Sediment Concentration by Artificial Neural Networks at the Vu Gia-Thu Bon Catchment, Vietnam",2-s2.0-85147856699,10.1007/978-3-031-17808-5_6
Making data platforms smarter with MOSES,2-s2.0-85109035166,10.1016/j.future.2021.06.031,3D Numerical Modelling for Hydraulic Characteristics of a Hollow Triangle Breakwater,2-s2.0-85147854817,10.1007/978-3-031-17808-5_17
Making data platforms smarter with MOSES,2-s2.0-85109035166,10.1016/j.future.2021.06.031,Implementation of Machine Learning Methods on Data to Analyze Emotional Health,2-s2.0-85147851268,10.1007/978-981-19-7169-3_29
Making data platforms smarter with MOSES,2-s2.0-85109035166,10.1016/j.future.2021.06.031,Application of Fuzzy and Geospatial Analysis for Identifying Water Pollution Zone in the Can Gio Coastal Mangrove Biosphere Reserve Area,2-s2.0-85147850794,10.1007/978-3-031-17808-5_37
Making data platforms smarter with MOSES,2-s2.0-85109035166,10.1016/j.future.2021.06.031,Implementation of an Automatic EEG Feature Extraction with Gated Recurrent Neural Network for Emotion Recognition,2-s2.0-85147849303,10.1007/978-981-19-7169-3_13
Making data platforms smarter with MOSES,2-s2.0-85109035166,10.1016/j.future.2021.06.031,Application of Convolution Neural Network for Rapid Flood Mapping Using Sentinel-1 Imagery—A Case Study in Central Region of Vietnam,2-s2.0-85147848647,10.1007/978-3-031-17808-5_26
Making data platforms smarter with MOSES,2-s2.0-85109035166,10.1016/j.future.2021.06.031,"Green Energy in West Bengal, India: Status, Scope, and Future Challenges",2-s2.0-85147846988,10.1007/978-981-19-6605-7_4
Making data platforms smarter with MOSES,2-s2.0-85109035166,10.1016/j.future.2021.06.031,Self-balancing Robot Using Arduino and PID Controller,2-s2.0-85147846263,10.1007/978-981-19-7169-3_18
Making data platforms smarter with MOSES,2-s2.0-85109035166,10.1016/j.future.2021.06.031,A Novel Hand Gesture Recognition for Aphonic People Using Convolutional Neural Network,2-s2.0-85147841102,10.1007/978-981-19-7169-3_22
Making data platforms smarter with MOSES,2-s2.0-85109035166,10.1016/j.future.2021.06.031,Detection and Classification of Faults in VSC-HVDC System Based on Single End Ground and Pole Differential Current Components,2-s2.0-85147840963,10.1007/978-981-19-6605-7_15
Making data platforms smarter with MOSES,2-s2.0-85109035166,10.1016/j.future.2021.06.031,Difficult but Necessary: Venezuela-Colombia Relations Throughout Time—A Historical Depiction of Two Specially Connected Neighbors,2-s2.0-85147447032,10.1007/978-3-031-21889-7_11
Making data platforms smarter with MOSES,2-s2.0-85109035166,10.1016/j.future.2021.06.031,COVID-19 and Business Interruption Coverage in the United States: An Example of Judicial Regulation,2-s2.0-85147429004,10.1007/978-3-031-13753-2_4
Making data platforms smarter with MOSES,2-s2.0-85109035166,10.1016/j.future.2021.06.031,Enhanced Preprocessing Technique for Degraded Printed Marathi Characters,2-s2.0-85146724305,10.1007/978-981-19-6581-4_25
Making data platforms smarter with MOSES,2-s2.0-85109035166,10.1016/j.future.2021.06.031,Cough Audio Signal-Based Clinical Emergency Classification of Corona Variant Infected Patients Using Multiclass SVM,2-s2.0-85146708747,10.1007/978-981-19-6581-4_26
Making data platforms smarter with MOSES,2-s2.0-85109035166,10.1016/j.future.2021.06.031,AI Enabled Energy Consumption Predictor for Smart Buildings,2-s2.0-85146705181,10.1007/978-981-19-6581-4_36
Making data platforms smarter with MOSES,2-s2.0-85109035166,10.1016/j.future.2021.06.031,Probabilistic Harmony Search Algorithm: Fitness Proportionate Selection Variants,2-s2.0-85146705050,10.1007/978-981-19-6581-4_33
Making data platforms smarter with MOSES,2-s2.0-85109035166,10.1016/j.future.2021.06.031,A Real-Time Detection of Indian Traffic Signs for Visually Impaired People,2-s2.0-85146701480,10.1007/978-981-19-6581-4_19
Making data platforms smarter with MOSES,2-s2.0-85109035166,10.1016/j.future.2021.06.031,A Study on Sentiment Analysis of Twitter Data in Marathi Language for Measuring Depression,2-s2.0-85146700876,10.1007/978-981-19-6581-4_22
Making data platforms smarter with MOSES,2-s2.0-85109035166,10.1016/j.future.2021.06.031,Detection of Outdoor Traffic and Kids Playing Scene for Visually Impaired People,2-s2.0-85146694011,10.1007/978-981-19-6581-4_18
Making data platforms smarter with MOSES,2-s2.0-85109035166,10.1016/j.future.2021.06.031,Optimization of Rainfall Intensities Classification Based on Artificial Intelligence Using Recurrent Neural Network,2-s2.0-85146693893,10.1007/978-981-19-6581-4_4
Making data platforms smarter with MOSES,2-s2.0-85109035166,10.1016/j.future.2021.06.031,KNN-Based Decision Model for Device Argumentation in Ambient Assisted Living,2-s2.0-85146692662,10.1007/978-981-19-6581-4_38
Making data platforms smarter with MOSES,2-s2.0-85109035166,10.1016/j.future.2021.06.031,Freight Cost Prediction Using Machine Learning Algorithms,2-s2.0-85146685642,10.1007/978-981-19-6581-4_40
Making data platforms smarter with MOSES,2-s2.0-85109035166,10.1016/j.future.2021.06.031,Electronic Travel Aid for Crosswalk Detection for Visually Challenged People,2-s2.0-85146682600,10.1007/978-981-19-6581-4_20
Making data platforms smarter with MOSES,2-s2.0-85109035166,10.1016/j.future.2021.06.031,"Stock Price Prediction Using GRU, SimpleRNN and LSTM",2-s2.0-85146670131,10.1007/978-981-19-6581-4_42
Making data platforms smarter with MOSES,2-s2.0-85109035166,10.1016/j.future.2021.06.031,Survey of Stochastic Number Generators and Optimizing Techniques,2-s2.0-85146665376,10.1007/978-981-19-6581-4_31
Making data platforms smarter with MOSES,2-s2.0-85109035166,10.1016/j.future.2021.06.031,AI-Based Health Management System,2-s2.0-85146664118,10.1007/978-981-19-6581-4_29
Making data platforms smarter with MOSES,2-s2.0-85109035166,10.1016/j.future.2021.06.031,Twitter Sentiment Analysis Using Enhanced BERT,2-s2.0-85146658232,10.1007/978-981-19-6581-4_21
Making data platforms smarter with MOSES,2-s2.0-85109035166,10.1016/j.future.2021.06.031,An Ontological Framework for Risk Mitigation in Stock Market,2-s2.0-85146655815,10.1007/978-981-19-6581-4_41
Making data platforms smarter with MOSES,2-s2.0-85109035166,10.1016/j.future.2021.06.031,When Sustainable Development Embraces Blockchain: A Systematic Literature Review,2-s2.0-85146653447,10.1007/978-981-19-6581-4_37
Making data platforms smarter with MOSES,2-s2.0-85109035166,10.1016/j.future.2021.06.031,Fast Automated Detection of COVID-19 from CT Images Using Transfer Learning Approach,2-s2.0-85146648703,10.1007/978-981-19-6581-4_30
Making data platforms smarter with MOSES,2-s2.0-85109035166,10.1016/j.future.2021.06.031,Gesture Recognition for American Sign Language Using Pytorch and Convolutional Neural Network,2-s2.0-85146648445,10.1007/978-981-19-6581-4_24
Making data platforms smarter with MOSES,2-s2.0-85109035166,10.1016/j.future.2021.06.031,A Comprehensive Review of Various Approaches to Intrusion Detection Systems,2-s2.0-85146648352,10.1007/978-981-19-6581-4_15
Making data platforms smarter with MOSES,2-s2.0-85109035166,10.1016/j.future.2021.06.031,Dynamic Programming Approach to Solve Real-World Application of Multi-Objective Unbounded Knapsack Problem,2-s2.0-85146647840,10.1007/978-981-19-6581-4_32
Making data platforms smarter with MOSES,2-s2.0-85109035166,10.1016/j.future.2021.06.031,Empirical Analysis of the Impact of Homomorphic Encryption on Cloud Computing,2-s2.0-85146644305,10.1007/978-981-19-6581-4_9
Making data platforms smarter with MOSES,2-s2.0-85109035166,10.1016/j.future.2021.06.031,Factors Influencing Behavioural Intentions Towards Investment in Cryptocurrency: A Study on Generation Z Female of India,2-s2.0-85146639933,10.1007/978-981-19-6581-4_39
Making data platforms smarter with MOSES,2-s2.0-85109035166,10.1016/j.future.2021.06.031,Smart IoT-Based Pesticides Recommendation System for Rice Diseases,2-s2.0-85146637491,10.1007/978-981-19-6581-4_2
Making data platforms smarter with MOSES,2-s2.0-85109035166,10.1016/j.future.2021.06.031,A Framework to Govern the Use of Health Data for Research in Africa: A South African Perspective,2-s2.0-85146255535,10.1007/978-3-031-12692-5_26
Making data platforms smarter with MOSES,2-s2.0-85109035166,10.1016/j.future.2021.06.031,The Critical Difference Between Holism and Vitalism in Cassirer’s Philosophy of Science,2-s2.0-85146252874,10.1007/978-3-031-12604-8_6
Making data platforms smarter with MOSES,2-s2.0-85109035166,10.1016/j.future.2021.06.031,A Historico-Logical Re-assessment of Hans Driesch’s Vitalism,2-s2.0-85146250254,10.1007/978-3-031-12604-8_4
Making data platforms smarter with MOSES,2-s2.0-85109035166,10.1016/j.future.2021.06.031,Centring the Human Subject: Catalyzing Change in Ethics and Dementia Research,2-s2.0-85146249289,10.1007/978-3-031-12692-5_5
Making data platforms smarter with MOSES,2-s2.0-85109035166,10.1016/j.future.2021.06.031,Introduction: Examining Contrasting Ways That Drama Approaches Can Be Applied to Support Learning Science,2-s2.0-85146246523,10.1007/978-3-031-17350-9_1
Making data platforms smarter with MOSES,2-s2.0-85109035166,10.1016/j.future.2021.06.031,Vitalist Arguments in the Struggle for Human (Im)Perfection: The Debate Between Biologists and Theologians in the 1960s–1980s,2-s2.0-85146238308,10.1007/978-3-031-12604-8_12
Making data platforms smarter with MOSES,2-s2.0-85109035166,10.1016/j.future.2021.06.031,Galileo’s Fall of the Planets to the Copernican System of the World,2-s2.0-85146237813,10.1007/978-3-031-09722-5_9
Making data platforms smarter with MOSES,2-s2.0-85109035166,10.1016/j.future.2021.06.031,"Islam, Political Governance, and Secularism: Examining a Fraught Relationship",2-s2.0-85146236752,10.1007/978-3-031-13310-7_2
Making data platforms smarter with MOSES,2-s2.0-85109035166,10.1016/j.future.2021.06.031,Genopolitics: Biotechnology Norms and the Liberal International Order,2-s2.0-85146233869,10.1007/978-3-031-12692-5_3
Making data platforms smarter with MOSES,2-s2.0-85109035166,10.1016/j.future.2021.06.031,The Absence of Secularism in Senegal,2-s2.0-85146228060,10.1007/978-3-031-13310-7_7
Making data platforms smarter with MOSES,2-s2.0-85109035166,10.1016/j.future.2021.06.031,"Newton as Theologian, Artisan, and Chamber-Fellow: Some New Documents",2-s2.0-85146224748,10.1007/978-3-031-09722-5_12
Making data platforms smarter with MOSES,2-s2.0-85109035166,10.1016/j.future.2021.06.031,The Place of Digital and Artificial Intelligence in Medical Research,2-s2.0-85146221612,10.1007/978-3-031-12692-5_25
Making data platforms smarter with MOSES,2-s2.0-85109035166,10.1016/j.future.2021.06.031,"William Whiston, Experimental Lecturing and the Royal Society of London",2-s2.0-85146217916,10.1007/978-3-031-09722-5_16
Making data platforms smarter with MOSES,2-s2.0-85109035166,10.1016/j.future.2021.06.031,The Doctoral Dissertation of Nehemiah Grew (1641–1712): The Nervous Fluids and Iatrochymistry in Context,2-s2.0-85146214807,10.1007/978-3-031-09722-5_15
Making data platforms smarter with MOSES,2-s2.0-85109035166,10.1016/j.future.2021.06.031,Data-Driven Cyber Threat Intelligence: A Survey of Mexican Territory,2-s2.0-85145238826,10.1007/978-3-031-07670-1_7
Making data platforms smarter with MOSES,2-s2.0-85109035166,10.1016/j.future.2021.06.031,Influence of Heat Treatment on Hardness and Microstructure of Cast Fe–Ni–Cr Alloy,2-s2.0-85145220040,10.1007/978-981-19-7150-1_32
Making data platforms smarter with MOSES,2-s2.0-85109035166,10.1016/j.future.2021.06.031,Cyber Threat Intelligence Methodologies: Hunting Cyber Threats with Threat Intelligence Platforms and Deception Techniques,2-s2.0-85145169560,10.1007/978-3-031-07670-1_2
Making data platforms smarter with MOSES,2-s2.0-85109035166,10.1016/j.future.2021.06.031,Technologies in Education for Visually Impaired People: A Literature Review,2-s2.0-85145162346,10.1007/978-3-031-07670-1_11
Making data platforms smarter with MOSES,2-s2.0-85109035166,10.1016/j.future.2021.06.031,Linguistic Summaries for Dwellings Energy Poverty Monitoring,2-s2.0-85145105499,10.1007/978-3-031-21333-5_69
Making data platforms smarter with MOSES,2-s2.0-85109035166,10.1016/j.future.2021.06.031,An Approach to Monitoring Particulate Matter Based Pollution Using Low-Cost Sensing,2-s2.0-85145085853,10.1007/978-3-031-21333-5_66
Making data platforms smarter with MOSES,2-s2.0-85109035166,10.1016/j.future.2021.06.031,Cloud vs Serverless Computing: A Security Point of View,2-s2.0-85145066967,10.1007/978-3-031-21333-5_109
Making data platforms smarter with MOSES,2-s2.0-85109035166,10.1016/j.future.2021.06.031,The Catalytic Role of Technology in the Commercialization of Plant Varieties in India: A Critical Analysis,2-s2.0-85145021958,10.1007/978-981-19-7780-0_16
Making data platforms smarter with MOSES,2-s2.0-85109035166,10.1016/j.future.2021.06.031,Towards the Managed Transition to Organic Agriculture: Searching for a Strategic Model,2-s2.0-85145021645,10.1007/978-981-19-7780-0_5
Making data platforms smarter with MOSES,2-s2.0-85109035166,10.1016/j.future.2021.06.031,Risk Assessment of Organic Production in Modern Conditions,2-s2.0-85145021442,10.1007/978-981-19-7780-0_7
Making data platforms smarter with MOSES,2-s2.0-85109035166,10.1016/j.future.2021.06.031,Using the Digital Reef to Monitor and Enhance Biological Resources in Aquaculture,2-s2.0-85145021174,10.1007/978-981-19-7780-0_37
Making data platforms smarter with MOSES,2-s2.0-85109035166,10.1016/j.future.2021.06.031,Using a Novel Instrumented Roller to Estimate Soil Dry Density During Compaction,2-s2.0-85145020802,10.1007/978-3-031-20241-4_38
Making data platforms smarter with MOSES,2-s2.0-85109035166,10.1016/j.future.2021.06.031,Aggregating High-Precision GNSS Intelligent Construction Data for Quality Asphalt Pavements,2-s2.0-85145020429,10.1007/978-3-031-20241-4_24
Making data platforms smarter with MOSES,2-s2.0-85109035166,10.1016/j.future.2021.06.031,Modeling Strategies for State Regulation of the Agri-food Market Based on the Cognitive Approach,2-s2.0-85145020086,10.1007/978-981-19-7780-0_35
Making data platforms smarter with MOSES,2-s2.0-85109035166,10.1016/j.future.2021.06.031,Algorithms and Software for Evaluation of Plant Height in Vertical Farm Using UAVs,2-s2.0-85145019843,10.1007/978-981-19-7780-0_31
Making data platforms smarter with MOSES,2-s2.0-85109035166,10.1016/j.future.2021.06.031,Development of a BIM Model for Facility Management with Virtual/Augmented Reality Interaction,2-s2.0-85145019784,10.1007/978-3-031-20241-4_15
Making data platforms smarter with MOSES,2-s2.0-85109035166,10.1016/j.future.2021.06.031,Smart Technologies in Bio-Intensive Organic Agriculture,2-s2.0-85145019719,10.1007/978-981-19-7780-0_6
Making data platforms smarter with MOSES,2-s2.0-85109035166,10.1016/j.future.2021.06.031,Rail Track Monitoring Using AI and Machine Learning,2-s2.0-85145019455,10.1007/978-3-031-20241-4_36
Making data platforms smarter with MOSES,2-s2.0-85109035166,10.1016/j.future.2021.06.031,Mechanisms of Legal Interaction Between Budgetary Institutions and Commercial Enterprises in the Field of Agriculture,2-s2.0-85145018865,10.1007/978-981-19-7780-0_9
Making data platforms smarter with MOSES,2-s2.0-85109035166,10.1016/j.future.2021.06.031,"Integrating Smart and Sustainable Construction: A Review of Present Status, and Possible Opportunities",2-s2.0-85145018691,10.1007/978-3-031-20241-4_19
Making data platforms smarter with MOSES,2-s2.0-85109035166,10.1016/j.future.2021.06.031,Lessons Learned: Monitoring Dam Infrastructure Assets Using Unmanned Aerial Vehicles (UAVs),2-s2.0-85145018433,10.1007/978-3-031-20241-4_35
Making data platforms smarter with MOSES,2-s2.0-85109035166,10.1016/j.future.2021.06.031,Improv-Structure: Exploring Improvisation in Collective Human-Robot Construction,2-s2.0-85145018170,10.1007/978-3-031-20241-4_16
Making data platforms smarter with MOSES,2-s2.0-85109035166,10.1016/j.future.2021.06.031,Estimation of Shaft-Base Initial Stiffness and Ultimate Resistance of O-Cell Piles,2-s2.0-85144628937,10.1007/978-981-19-6359-9_6
Making data platforms smarter with MOSES,2-s2.0-85109035166,10.1016/j.future.2021.06.031,An Overview of Large Capacity Pile Load Test: A Case Study,2-s2.0-85144626357,10.1007/978-981-19-6359-9_23
Making data platforms smarter with MOSES,2-s2.0-85109035166,10.1016/j.future.2021.06.031,Heritage Impact Assessment of the Subordinate Court Complex Near the David Yale and Joseph Hyner’s Tomb,2-s2.0-85144624032,10.1007/978-981-19-6359-9_26
Making data platforms smarter with MOSES,2-s2.0-85109035166,10.1016/j.future.2021.06.031,Analysis of Foundation System of the Taj Mahal,2-s2.0-85144599234,10.1007/978-981-19-6359-9_25
Making data platforms smarter with MOSES,2-s2.0-85109035166,10.1016/j.future.2021.06.031,Continuous Calibration Weigh-in-Motion System Using Static Weight Data,2-s2.0-85144592415,10.1177/03611981221097402
Making data platforms smarter with MOSES,2-s2.0-85109035166,10.1016/j.future.2021.06.031,Bayesian dynamic profiling and optimization of important ranked energy from gray level co-occurrence (GLCM) features for empirical analysis of brain MRI,2-s2.0-85137833659,10.1038/s41598-022-19563-0
Making data platforms smarter with MOSES,2-s2.0-85109035166,10.1016/j.future.2021.06.031,CRISPR-Cas9 and Food in the European Union: An Organic Solution to an Undetectable Problem for Food Business Operators,2-s2.0-85120911476,10.1017/err.2021.54
Making data platforms smarter with MOSES,2-s2.0-85109035166,10.1016/j.future.2021.06.031,Designing Smart Energy Systems in an Industry 4.0 Paradigm towards Sustainable Environment,2-s2.0-85126278511,10.3390/su14063315
Making data platforms smarter with MOSES,2-s2.0-85109035166,10.1016/j.future.2021.06.031,Solutions,2-s2.0-85174988226,10.1007/978-981-16-6506-6_3
Making data platforms smarter with MOSES,2-s2.0-85109035166,10.1016/j.future.2021.06.031,But How Can We Afford It?,2-s2.0-85174986490,10.1007/978-981-16-6506-6_4
Making data platforms smarter with MOSES,2-s2.0-85109035166,10.1016/j.future.2021.06.031,Curitiba Case Study,2-s2.0-85162068496,10.1007/978-3-030-90559-0_6
Making data platforms smarter with MOSES,2-s2.0-85109035166,10.1016/j.future.2021.06.031,"Case Study of Social Innovation in Urban Food Spaces: ‘Southsea Greenhouse’, Southsea Greenhouse Cooperative, Portsmouth",2-s2.0-85162057601,10.1007/978-3-030-98475-5_9
Making data platforms smarter with MOSES,2-s2.0-85109035166,10.1016/j.future.2021.06.031,The Anthropocene and the Urbanising World,2-s2.0-85162009216,10.1007/978-3-030-90559-0_2
Making data platforms smarter with MOSES,2-s2.0-85109035166,10.1016/j.future.2021.06.031,Discussion and Conclusion,2-s2.0-85161997647,10.1007/978-3-031-05210-1_6
Making data platforms smarter with MOSES,2-s2.0-85109035166,10.1016/j.future.2021.06.031,Paths to the Green City: On the Work of Fritz Schumacher,2-s2.0-85161996073,10.1007/978-3-030-90445-6_2
Making data platforms smarter with MOSES,2-s2.0-85109035166,10.1016/j.future.2021.06.031,"Case Study of Social Innovation in Urban Food Spaces: ‘The Bevy Edible Garden’, Bevendean Community Co-operative, Brighton & Hove",2-s2.0-85161965066,10.1007/978-3-030-98475-5_6
Making data platforms smarter with MOSES,2-s2.0-85109035166,10.1016/j.future.2021.06.031,Estrangements of Corporeality,2-s2.0-85160343444,10.1007/978-3-030-97486-2_9
Making data platforms smarter with MOSES,2-s2.0-85109035166,10.1016/j.future.2021.06.031,Beautifying Body Modification,2-s2.0-85160300859,10.1007/978-3-030-97486-2_7
Making data platforms smarter with MOSES,2-s2.0-85109035166,10.1016/j.future.2021.06.031,Technological Bodies Becoming Images,2-s2.0-85160297267,10.1007/978-3-030-97486-2_4
Making data platforms smarter with MOSES,2-s2.0-85109035166,10.1016/j.future.2021.06.031,On Being a Body in Thomas More’s Utopia,2-s2.0-85160294956,10.1007/978-3-030-97486-2_2
Making data platforms smarter with MOSES,2-s2.0-85109035166,10.1016/j.future.2021.06.031,Bodily Estrangements of Space,2-s2.0-85160279435,10.1007/978-3-030-97486-2_8
Making data platforms smarter with MOSES,2-s2.0-85109035166,10.1016/j.future.2021.06.031,"Remittances, Income Inequality, and Brain Drain: An Empirical Investigation for the MENA Region",2-s2.0-85153119306,10.1007/978-3-030-92133-0_5
Making data platforms smarter with MOSES,2-s2.0-85109035166,10.1016/j.future.2021.06.031,Terrorism Impact on Public Debt and Government Borrowing Cost: New Empirical Evidence from Long-Run Relationship in MENA Countries,2-s2.0-85153073686,10.1007/978-3-030-92133-0_1
Making data platforms smarter with MOSES,2-s2.0-85109035166,10.1016/j.future.2021.06.031,Digital Gaps and Economic Inequalities in MENA Countries: An Empirical Investigation,2-s2.0-85153053434,10.1007/978-3-030-92133-0_2
Making data platforms smarter with MOSES,2-s2.0-85109035166,10.1016/j.future.2021.06.031,"Assessing Macroeconomic, Distributive, and Environmental Impacts of Energy Subsidy Removal in Tunisia with Input–Output Modeling",2-s2.0-85153041683,10.1007/978-3-030-92133-0_4
Making data platforms smarter with MOSES,2-s2.0-85109035166,10.1016/j.future.2021.06.031,Assessing the Determinants of Capital Flight from Tunisia: An ARDL Investigation Framework,2-s2.0-85152886475,10.1007/978-3-030-92133-0_3
Making data platforms smarter with MOSES,2-s2.0-85109035166,10.1016/j.future.2021.06.031,Young Women’s Identity Work in Relation to Physics at the Transition from School to Further Educational Pathways,2-s2.0-85152465552,10.1007/978-3-031-17642-5_4
Making data platforms smarter with MOSES,2-s2.0-85109035166,10.1016/j.future.2021.06.031,Digital Twin Application,2-s2.0-85151548459,10.1007/978-3-030-81815-9_7
Making data platforms smarter with MOSES,2-s2.0-85109035166,10.1016/j.future.2021.06.031,Preconditioners for Batched Iterative Linear Solvers on GPUs,2-s2.0-85148700167,10.1007/978-3-031-23606-8_3
Making data platforms smarter with MOSES,2-s2.0-85109035166,10.1016/j.future.2021.06.031,Virtual Infrastructure Twins: Software Testing Platforms for Computing-Instrument Ecosystems,2-s2.0-85148698546,10.1007/978-3-031-23606-8_10
Making data platforms smarter with MOSES,2-s2.0-85109035166,10.1016/j.future.2021.06.031,Computational Workflow for Accelerated Molecular Design Using Quantum Chemical Simulations and Deep Learning Models,2-s2.0-85148697882,10.1007/978-3-031-23606-8_1
Making data platforms smarter with MOSES,2-s2.0-85109035166,10.1016/j.future.2021.06.031,Machine Learning for First Principles Calculations of Material Properties for Ferromagnetic Materials,2-s2.0-85148697240,10.1007/978-3-031-23606-8_5
Making data platforms smarter with MOSES,2-s2.0-85109035166,10.1016/j.future.2021.06.031,"Investigating Relationships in Environmental and Community Health: Correlations of Environment, Urban Morphology, and Socio-economic Factors in the Los Angeles Metropolitan Statistical Area",2-s2.0-85148695326,10.1007/978-3-031-23606-8_23
Making data platforms smarter with MOSES,2-s2.0-85109035166,10.1016/j.future.2021.06.031,Using Deep Transfer Learning to Predict Student Engagement in Online Courses,2-s2.0-85148694564,10.1007/978-3-031-24367-7_3
Making data platforms smarter with MOSES,2-s2.0-85109035166,10.1016/j.future.2021.06.031,Industrial Experience Deploying Heterogeneous Platforms for Use in Multi-modal Power Systems Design Workflows,2-s2.0-85148691478,10.1007/978-3-031-23606-8_16
Making data platforms smarter with MOSES,2-s2.0-85109035166,10.1016/j.future.2021.06.031,IoT and Machine Learning-Based Covid-19 Healthcare Monitoring System Using Face Recognition,2-s2.0-85148689968,10.1007/978-3-031-24367-7_24
Making data platforms smarter with MOSES,2-s2.0-85109035166,10.1016/j.future.2021.06.031,A Vision for Coupling Operation of US Fusion Facilities with HPC Systems and the Implications for Workflows and Data Management,2-s2.0-85148688912,10.1007/978-3-031-23606-8_6
Making data platforms smarter with MOSES,2-s2.0-85109035166,10.1016/j.future.2021.06.031,Multimodal Fake News Detection on Fakeddit Dataset Using Transformer-Based Architectures,2-s2.0-85148683922,10.1007/978-3-031-24367-7_28
Making data platforms smarter with MOSES,2-s2.0-85109035166,10.1016/j.future.2021.06.031,A Review on Skin Pigment and Vein Pattern Detection Techniques,2-s2.0-85148683587,10.1007/978-3-031-24367-7_5
Making data platforms smarter with MOSES,2-s2.0-85109035166,10.1016/j.future.2021.06.031,FastTIRP: Efficient Discovery of Time-Interval Related Patterns,2-s2.0-85148037460,10.1007/978-3-031-24094-2_13
Making data platforms smarter with MOSES,2-s2.0-85109035166,10.1016/j.future.2021.06.031,SemiPainter: Learning to Draw Semi-realistic Paintings from the Manga Line Drawings and Flat Shadow,2-s2.0-85148033139,10.1007/978-3-031-23473-6_24
Making data platforms smarter with MOSES,2-s2.0-85109035166,10.1016/j.future.2021.06.031,Multi-client Private Decision Tree Classification Using Threshold Fully Homomorphic Encryption,2-s2.0-85148000557,10.1007/978-981-19-7769-5_14
Making data platforms smarter with MOSES,2-s2.0-85109035166,10.1016/j.future.2021.06.031,Revisiting the Security of Salted UOV Signature,2-s2.0-85147857889,10.1007/978-3-031-22912-1_31
Making data platforms smarter with MOSES,2-s2.0-85109035166,10.1016/j.future.2021.06.031,Minimizing Even-Mansour Ciphers for Sequential Indifferentiability (Without Key Schedules),2-s2.0-85147856604,10.1007/978-3-031-22912-1_6
Making data platforms smarter with MOSES,2-s2.0-85109035166,10.1016/j.future.2021.06.031,New Algorithm for Exhausting Optimal Permutations for Generalized Feistel Networks,2-s2.0-85147851726,10.1007/978-3-031-22912-1_5
Making data platforms smarter with MOSES,2-s2.0-85109035166,10.1016/j.future.2021.06.031,Efficient IBS from a New Assumption in the Multivariate-Quadratic Setting,2-s2.0-85147850799,10.1007/978-3-031-22912-1_30
Making data platforms smarter with MOSES,2-s2.0-85109035166,10.1016/j.future.2021.06.031,Offset-Based BBB-Secure Tweakable Block-ciphers with Updatable Caches,2-s2.0-85147850663,10.1007/978-3-031-22912-1_8
Making data platforms smarter with MOSES,2-s2.0-85109035166,10.1016/j.future.2021.06.031,Comparative Study of Workflow Modeling Services Based on Activity Complexity,2-s2.0-85147849129,10.1007/978-3-031-21750-0_4
Making data platforms smarter with MOSES,2-s2.0-85109035166,10.1016/j.future.2021.06.031,An Improved Machine Learning Framework for Cardiovascular Disease Prediction,2-s2.0-85147841998,10.1007/978-3-031-21750-0_25
Making data platforms smarter with MOSES,2-s2.0-85109035166,10.1016/j.future.2021.06.031,A Review of Cyberspace Operations Modeling and Simulation Research and Suggestions,2-s2.0-85146713349,10.1007/978-981-19-9195-0_39
Making data platforms smarter with MOSES,2-s2.0-85109035166,10.1016/j.future.2021.06.031,How to Obfuscate MPC Inputs,2-s2.0-85146687031,10.1007/978-3-031-22365-5_6
Making data platforms smarter with MOSES,2-s2.0-85109035166,10.1016/j.future.2021.06.031,Quantitative Analysis of the Impact of Demography and Job Profile on the Organizational Commitment of the Faculty Members in the HEI’S of Uttarakhand,2-s2.0-85146686383,10.1007/978-3-031-23647-1_3
Making data platforms smarter with MOSES,2-s2.0-85109035166,10.1016/j.future.2021.06.031,Target Tracking and Motion Estimation of Fixed Wing UAVs Based on Vision Measurement,2-s2.0-85146685100,10.1007/978-981-19-9198-1_27
Making data platforms smarter with MOSES,2-s2.0-85109035166,10.1016/j.future.2021.06.031,Statistical Security in Two-Party Computation Revisited,2-s2.0-85146668366,10.1007/978-3-031-22365-5_7
Making data platforms smarter with MOSES,2-s2.0-85109035166,10.1016/j.future.2021.06.031,Analysis and Suppression for Shaft Torsional Vibrations in Wind Energy Conversion System with MPPT Control,2-s2.0-85146641823,10.1007/978-981-19-9198-1_20
Making data platforms smarter with MOSES,2-s2.0-85109035166,10.1016/j.future.2021.06.031,The Study on Flow Characteristics of Inlet Flow Field of Compressor Experiment,2-s2.0-85146638736,10.1007/978-981-19-9198-1_34
Making data platforms smarter with MOSES,2-s2.0-85109035166,10.1016/j.future.2021.06.031,"Reflections on English-Medium Instruction in Turkish Higher Education Institutions, Educational Quality and Insights from International Experience",2-s2.0-85146567261,10.1007/978-3-030-88597-7_3
Making data platforms smarter with MOSES,2-s2.0-85109035166,10.1016/j.future.2021.06.031,The Research of Metaverse Application in Intelligent Railway Passenger Station,2-s2.0-85146562488,10.1007/978-3-031-23518-4_10
Making data platforms smarter with MOSES,2-s2.0-85109035166,10.1016/j.future.2021.06.031,Research on the Application and Risk Prevention of Metaverse in Vocational Education,2-s2.0-85146544035,10.1007/978-3-031-23518-4_4
Making data platforms smarter with MOSES,2-s2.0-85109035166,10.1016/j.future.2021.06.031,Marginalized Urban Rivers: Between Local Governance and Environmental Justice,2-s2.0-85146240403,10.1007/978-3-031-21325-0_10
Making data platforms smarter with MOSES,2-s2.0-85109035166,10.1016/j.future.2021.06.031,Preparing Students for a Digital Work-Life Using Student-Centred Methods: A Case Study from Music Production,2-s2.0-85145441676,10.34190/eckm.23.2.781
Making data platforms smarter with MOSES,2-s2.0-85109035166,10.1016/j.future.2021.06.031,Conceptualising the Role of the UAE Innovation Strategy in University-Industry knowledge Diffusion Process,2-s2.0-85145439843,10.34190/eckm.23.2.435
Making data platforms smarter with MOSES,2-s2.0-85109035166,10.1016/j.future.2021.06.031,Exploring Knowledge-Hiding Methods and Reasons in a Small Chinese Family Business,2-s2.0-85145438363,10.34190/eckm.23.2.310
Making data platforms smarter with MOSES,2-s2.0-85109035166,10.1016/j.future.2021.06.031,The Process of Sharing Knowledge In The Implementation of a Marketing Project: A Proposal for a Data Selection Model,2-s2.0-85145435227,10.34190/eckm.23.2.495
Making data platforms smarter with MOSES,2-s2.0-85109035166,10.1016/j.future.2021.06.031,Smart Working Paradigms in a Hybrid Working era,2-s2.0-85145433046,10.34190/eckm.23.2.566
Making data platforms smarter with MOSES,2-s2.0-85109035166,10.1016/j.future.2021.06.031,Key Types of Crowdsourcing in Science: Systematic Literature Review,2-s2.0-85145432963,10.34190/eckm.23.2.257
Making data platforms smarter with MOSES,2-s2.0-85109035166,10.1016/j.future.2021.06.031,XIVA: An Intelligent Voice Assistant with Scalable Capabilities for Educational Metaverse,2-s2.0-85145265724,10.1007/978-3-031-20503-3_49
Making data platforms smarter with MOSES,2-s2.0-85109035166,10.1016/j.future.2021.06.031,3D Human Pose Estimation Based on Multi-feature Extraction,2-s2.0-85145265443,10.1007/978-3-031-20503-3_51
Making data platforms smarter with MOSES,2-s2.0-85109035166,10.1016/j.future.2021.06.031,"A Comparative Experimental Investigation on Machine Learning Based Air Quality Prediction System (MLBAQPS): Linear Regression, Random Forest, AdaBooster Approaches",2-s2.0-85145264880,10.1007/978-3-031-21517-9_9
Making data platforms smarter with MOSES,2-s2.0-85109035166,10.1016/j.future.2021.06.031,Novel Training Methods Based Artificial Neural Network for the Dynamic Prediction of the Consumed Energy,2-s2.0-85145264696,10.1007/978-3-031-21517-9_21
Making data platforms smarter with MOSES,2-s2.0-85109035166,10.1016/j.future.2021.06.031,NeRFingXR: An Interactive XR Tool Based on NeRFs,2-s2.0-85145264515,10.1007/978-3-031-20503-3_46
Making data platforms smarter with MOSES,2-s2.0-85109035166,10.1016/j.future.2021.06.031,Weld Defect Detection and Recognition System Based on Static Point Cloud Technology,2-s2.0-85145263551,10.1007/978-3-031-20503-3_50
Making data platforms smarter with MOSES,2-s2.0-85109035166,10.1016/j.future.2021.06.031,Door Opening Strategy for Mobile Manipulator with Constrained Configuration,2-s2.0-85145261713,10.1007/978-3-031-23609-9_12
Making data platforms smarter with MOSES,2-s2.0-85109035166,10.1016/j.future.2021.06.031,DataAttest: A Framework to Attest Off-Chain Data Authenticity,2-s2.0-85145260618,10.1007/978-981-19-8043-5_5
Making data platforms smarter with MOSES,2-s2.0-85109035166,10.1016/j.future.2021.06.031,Modeling Biomorphic Robotic Fish Swimming: Simulations and Experiments,2-s2.0-85145260048,10.1007/978-3-031-23609-9_17
Making data platforms smarter with MOSES,2-s2.0-85109035166,10.1016/j.future.2021.06.031,Workflow with Emphasis in Technologies for the Construction of an Aggregator and a Dashboard of Brazilian Museums Digital Collections,2-s2.0-85145259569,10.1007/978-3-031-22324-2_8
Making data platforms smarter with MOSES,2-s2.0-85109035166,10.1016/j.future.2021.06.031,Research on Control Sensor Allocation of Industrial Robots,2-s2.0-85145258445,10.1007/978-3-031-20503-3_31
Making data platforms smarter with MOSES,2-s2.0-85109035166,10.1016/j.future.2021.06.031,Mining Association Rules in Commuter Feedback Comments from Facebook of Swiss National Railways (SBB) Using Apriori Algorithm,2-s2.0-85145258062,10.1007/978-3-031-22324-2_18
Making data platforms smarter with MOSES,2-s2.0-85109035166,10.1016/j.future.2021.06.031,Identification of the Relationships Between Data Provenance and Blockchain as a Contributing Factor for Health Information Systems,2-s2.0-85145256181,10.1007/978-3-031-22324-2_20
Making data platforms smarter with MOSES,2-s2.0-85109035166,10.1016/j.future.2021.06.031,Compact Associative Classification for Up and Down Regulated Genes Using Supervised Discretization and Clustering,2-s2.0-85145254964,10.1007/978-3-031-21517-9_4
Making data platforms smarter with MOSES,2-s2.0-85109035166,10.1016/j.future.2021.06.031,WaLi: Control-Flow-Based Analysis of Wasm Smart Contracts,2-s2.0-85145254936,10.1007/978-981-19-8043-5_23
Making data platforms smarter with MOSES,2-s2.0-85109035166,10.1016/j.future.2021.06.031,Scientific Divulgation Before the Post-truth and the Crisis of Credibility of Science in the Context of Digital Humanities,2-s2.0-85145253991,10.1007/978-3-031-22324-2_7
Making data platforms smarter with MOSES,2-s2.0-85109035166,10.1016/j.future.2021.06.031,SHAMan: A Versatile Auto-tuning Framework for Costly and Noisy HPC Systems,2-s2.0-85145253878,10.1007/978-3-031-22039-5_8
Making data platforms smarter with MOSES,2-s2.0-85109035166,10.1016/j.future.2021.06.031,VAFA: A Visually-Aware Food Analysis System for Socially-Engaged Diet Management,2-s2.0-85145253825,10.1007/978-3-031-20503-3_48
Making data platforms smarter with MOSES,2-s2.0-85109035166,10.1016/j.future.2021.06.031,Maximum Information Coverage and Monitoring Path Planning with Unmanned Surface Vehicles Using Deep Reinforcement Learning,2-s2.0-85145252989,10.1007/978-3-031-22039-5_2
Making data platforms smarter with MOSES,2-s2.0-85109035166,10.1016/j.future.2021.06.031,Real-Time Detection of Cryptocurrency Mining Behavior,2-s2.0-85145252361,10.1007/978-981-19-8043-5_20
Making data platforms smarter with MOSES,2-s2.0-85109035166,10.1016/j.future.2021.06.031,Intelligent Data Extraction System for RNFL Examination Reports,2-s2.0-85145251376,10.1007/978-3-031-20503-3_45
Making data platforms smarter with MOSES,2-s2.0-85109035166,10.1016/j.future.2021.06.031,Data-Driven Simulation-Optimization (DSO): An Efficient Approach to Optimize Simulation Models with Databases,2-s2.0-85145251219,10.1007/978-3-031-22039-5_10
Making data platforms smarter with MOSES,2-s2.0-85109035166,10.1016/j.future.2021.06.031,Electronic Voting Scheme Based on Blockchain and SM2 Cryptographic Algorithm Zero-Knowledge Proof,2-s2.0-85145240276,10.1007/978-3-031-23579-5_7
Making data platforms smarter with MOSES,2-s2.0-85109035166,10.1016/j.future.2021.06.031,Physical Zero-Knowledge Proof Protocol for Topswops,2-s2.0-85145212525,10.1007/978-3-031-21280-2_30
Making data platforms smarter with MOSES,2-s2.0-85109035166,10.1016/j.future.2021.06.031,Blockchain-Based Multi-keyword Search on Encrypted COVID-19 Contact Tracing Data,2-s2.0-85145211465,10.1007/978-3-031-21280-2_5
Making data platforms smarter with MOSES,2-s2.0-85109035166,10.1016/j.future.2021.06.031,An Approach to Construct Final Random System with Output,2-s2.0-85145206016,10.1007/978-3-031-20834-8_1
Making data platforms smarter with MOSES,2-s2.0-85109035166,10.1016/j.future.2021.06.031,Techniques for Continuous Touch-Based Authentication,2-s2.0-85145193243,10.1007/978-3-031-21280-2_23
Making data platforms smarter with MOSES,2-s2.0-85109035166,10.1016/j.future.2021.06.031,Analysis of Data Micro-governance in Full Life Cycle Management of the Leased Assets,2-s2.0-85145188859,10.1007/978-3-031-23498-9_7
Making data platforms smarter with MOSES,2-s2.0-85109035166,10.1016/j.future.2021.06.031,Optimal Generic Attack Against Basic Boneh-Boyen Signatures,2-s2.0-85145187895,10.1007/978-3-031-21280-2_28
Making data platforms smarter with MOSES,2-s2.0-85109035166,10.1016/j.future.2021.06.031,Secure Human Identification Protocol with Human-Computable Passwords,2-s2.0-85145184206,10.1007/978-3-031-21280-2_25
Making data platforms smarter with MOSES,2-s2.0-85109035166,10.1016/j.future.2021.06.031,"Performance Evaluation of Raspberry Pi 4B Microcomputer: Case Studies on MPICH Cluster, VMware ESXi ARM Fling, and Windows 11 ARM OS",2-s2.0-85145181319,10.1007/978-3-031-20834-8_10
Making data platforms smarter with MOSES,2-s2.0-85109035166,10.1016/j.future.2021.06.031,Differential Cryptanalysis of Salsa20 Based on Comprehensive Analysis of PNBs,2-s2.0-85145179452,10.1007/978-3-031-21280-2_29
Making data platforms smarter with MOSES,2-s2.0-85109035166,10.1016/j.future.2021.06.031,Performance Evaluation of Post-Quantum TLS 1.3 on Resource-Constrained Embedded Systems,2-s2.0-85145173374,10.1007/978-3-031-21280-2_24
Making data platforms smarter with MOSES,2-s2.0-85109035166,10.1016/j.future.2021.06.031,Blockchain-Based Confidential Payment System with Controllable Regulation,2-s2.0-85145169671,10.1007/978-3-031-21280-2_3
Making data platforms smarter with MOSES,2-s2.0-85109035166,10.1016/j.future.2021.06.031,Improved Division Property for Ciphers with Complex Linear Layers,2-s2.0-85145021980,10.1007/978-3-031-22301-3_6
Making data platforms smarter with MOSES,2-s2.0-85109035166,10.1016/j.future.2021.06.031,Multi-signatures for ECDSA and Its Applications in Blockchain,2-s2.0-85145021561,10.1007/978-3-031-22301-3_14
Making data platforms smarter with MOSES,2-s2.0-85109035166,10.1016/j.future.2021.06.031,PNB-Focused Differential Cryptanalysis of ChaCha Stream Cipher,2-s2.0-85145021199,10.1007/978-3-031-22301-3_3
Making data platforms smarter with MOSES,2-s2.0-85109035166,10.1016/j.future.2021.06.031,Resumable Zero-Knowledge for Circuits from Symmetric Key Primitives,2-s2.0-85145020673,10.1007/978-3-031-22301-3_19
Making data platforms smarter with MOSES,2-s2.0-85109035166,10.1016/j.future.2021.06.031,Improved Differential Attack on Round-Reduced LEA,2-s2.0-85145020024,10.1007/978-3-031-22301-3_4
Making data platforms smarter with MOSES,2-s2.0-85109035166,10.1016/j.future.2021.06.031,Handle the Traces: Revisiting the Attack on ECDSA with EHNP,2-s2.0-85145019748,10.1007/978-3-031-22301-3_8
Making data platforms smarter with MOSES,2-s2.0-85109035166,10.1016/j.future.2021.06.031,Chosen Ciphertext Secure Keyed Two-Level Homomorphic Encryption,2-s2.0-85145019014,10.1007/978-3-031-22301-3_11
Making data platforms smarter with MOSES,2-s2.0-85109035166,10.1016/j.future.2021.06.031,DeChain: A Blockchain Framework Enhancing Decentralization via Sharding,2-s2.0-85145018718,10.1007/978-3-031-22301-3_23
Making data platforms smarter with MOSES,2-s2.0-85109035166,10.1016/j.future.2021.06.031,Speeding-Up Parallel Computation of Large Smooth-Degree Isogeny Using Precedence-Constrained Scheduling,2-s2.0-85145017888,10.1007/978-3-031-22301-3_16
Making data platforms smarter with MOSES,2-s2.0-85109035166,10.1016/j.future.2021.06.031,Copyright and AI: Are Extant Laws Adequate?,2-s2.0-85144827383,10.1007/978-3-031-23501-6_9
Making data platforms smarter with MOSES,2-s2.0-85109035166,10.1016/j.future.2021.06.031,Distributed Parallel Bootstrap Adaptive Algebraic Multigrid Method,2-s2.0-85144824075,10.1007/978-3-031-22941-1_7
Making data platforms smarter with MOSES,2-s2.0-85109035166,10.1016/j.future.2021.06.031,Disproportionate Subgroup Impacts and Other Challenges of Fairness in Artificial Intelligence for Medical Image Analysis,2-s2.0-85144821716,10.1007/978-3-031-23223-7_2
Making data platforms smarter with MOSES,2-s2.0-85109035166,10.1016/j.future.2021.06.031,"Vertebrae Localization, Segmentation and Identification Using a Graph Optimization and an Anatomic Consistency Cycle",2-s2.0-85144818442,10.1007/978-3-031-21014-3_32
Making data platforms smarter with MOSES,2-s2.0-85109035166,10.1016/j.future.2021.06.031,Impact of Work from Home During Covid-19 on the Socio-economic Status of India,2-s2.0-85144817733,10.1007/978-3-031-22915-2_9
Making data platforms smarter with MOSES,2-s2.0-85109035166,10.1016/j.future.2021.06.031,INTELIAPP: An Application to Detect the Different Intelligence and Cognitive Abilities in Public High School Students to Develop a Better Appropriation of Knowledge,2-s2.0-85144633980,10.1007/978-3-031-19682-9_26
Making data platforms smarter with MOSES,2-s2.0-85109035166,10.1016/j.future.2021.06.031,Effects of Virtual Reality on School Students’ Learning in Safety Education: A Meta-analysis,2-s2.0-85144633347,10.1007/978-3-031-19682-9_17
Making data platforms smarter with MOSES,2-s2.0-85109035166,10.1016/j.future.2021.06.031,Global Corporate Performance Measurement Model Through the Integration of Six Sigma and Balanced Scorecard. Application in the Poultry Industry,2-s2.0-85144633194,10.1007/978-3-031-20316-9_30
Making data platforms smarter with MOSES,2-s2.0-85109035166,10.1016/j.future.2021.06.031,SAME: Sampling Attack in Multiplex Network Embedding,2-s2.0-85144632600,10.1007/978-3-031-22137-8_25
Making data platforms smarter with MOSES,2-s2.0-85109035166,10.1016/j.future.2021.06.031,A Study of the Effectiveness of Correction Factors for Log Transforms in Ensemble Models,2-s2.0-85144631831,10.1007/978-3-031-22137-8_35
Making data platforms smarter with MOSES,2-s2.0-85109035166,10.1016/j.future.2021.06.031,"ICT as a Resource for the Professional Training of Drivers. Education and Training School for Professional Drivers, Pelileo-Ecuador",2-s2.0-85144631246,10.1007/978-3-031-19682-9_51
Making data platforms smarter with MOSES,2-s2.0-85109035166,10.1016/j.future.2021.06.031,A Cricket-Based Selection Hyper-Heuristic for Many-Objective Optimization Problems,2-s2.0-85144630191,10.1007/978-3-031-22137-8_23
Making data platforms smarter with MOSES,2-s2.0-85109035166,10.1016/j.future.2021.06.031,A Quality Metric for K-Means Clustering Based on Centroid Locations,2-s2.0-85144629882,10.1007/978-3-031-22137-8_16
Making data platforms smarter with MOSES,2-s2.0-85109035166,10.1016/j.future.2021.06.031,Smart Hospitality: Opportunities and Challenges from Stakeholder Perspective in Santa Elena Province,2-s2.0-85144629867,10.1007/978-3-031-20316-9_8
Making data platforms smarter with MOSES,2-s2.0-85109035166,10.1016/j.future.2021.06.031,Smart Tourism: How Can We Count on Digital in the Recovery of Post-covid Tourism in Portugal,2-s2.0-85144629836,10.1007/978-3-031-20316-9_18
Making data platforms smarter with MOSES,2-s2.0-85109035166,10.1016/j.future.2021.06.031,Application of a Mixed Methodology to Evaluate the Interactions of Adolescents with YouTube in the Framework of Comprehensive Sexual Education,2-s2.0-85144627009,10.1007/978-3-031-19682-9_18
Making data platforms smarter with MOSES,2-s2.0-85109035166,10.1016/j.future.2021.06.031,A Study and Comparative Analysis of the Intelligent Park Operation Platform,2-s2.0-85144623085,10.1007/978-3-031-19682-9_73
Making data platforms smarter with MOSES,2-s2.0-85109035166,10.1016/j.future.2021.06.031,A Survey on Phishing Website Detection Using Deep Neural Networks,2-s2.0-85144620103,10.1007/978-3-031-19682-9_87
Making data platforms smarter with MOSES,2-s2.0-85109035166,10.1016/j.future.2021.06.031,Density Estimation in High-Dimensional Spaces: A Multivariate Histogram Approach,2-s2.0-85144619873,10.1007/978-3-031-22137-8_20
Making data platforms smarter with MOSES,2-s2.0-85109035166,10.1016/j.future.2021.06.031,A Method to Check that Participants Really are Imagining Artificial Minds When Ascribing Mental States,2-s2.0-85144619771,10.1007/978-3-031-19682-9_59
Making data platforms smarter with MOSES,2-s2.0-85109035166,10.1016/j.future.2021.06.031,Cycles Improve Conditional Generators: Synthesis and Augmentation for Data Mining,2-s2.0-85144617159,10.1007/978-3-031-22137-8_26
Making data platforms smarter with MOSES,2-s2.0-85109035166,10.1016/j.future.2021.06.031,The Sound of Travelers: Analysing Online Travel Podcasts Interest Communities,2-s2.0-85144615620,10.1007/978-3-031-19682-9_49
Making data platforms smarter with MOSES,2-s2.0-85109035166,10.1016/j.future.2021.06.031,Human Factor Issues in Remote Operator of Automated Driving System for Services - One Operator to N Units of Automated Vehicles in Automated Vehicle Services -,2-s2.0-85144615341,10.1007/978-3-031-19682-9_47
Making data platforms smarter with MOSES,2-s2.0-85109035166,10.1016/j.future.2021.06.031,Risk Training Tool on Structured Knowledge for Risk Management,2-s2.0-85144614979,10.1007/978-3-031-19682-9_37
Making data platforms smarter with MOSES,2-s2.0-85109035166,10.1016/j.future.2021.06.031,On Designing a Compact Two-Way Differential Power Divider/Combiner Based on a SiGe BiCMOS Process for Automotive Radar Applications Using FEM Simulators,2-s2.0-85144612556,10.1007/978-3-031-20316-9_17
Making data platforms smarter with MOSES,2-s2.0-85109035166,10.1016/j.future.2021.06.031,Comparing Twitter Sentiment and United States COVID-19 Vaccination Rates,2-s2.0-85144609555,10.1007/978-3-031-19682-9_2
Making data platforms smarter with MOSES,2-s2.0-85109035166,10.1016/j.future.2021.06.031,Smart Technologies in Tourist Destination Marketing: A Literature Review,2-s2.0-85144606163,10.1007/978-3-031-20316-9_22
Making data platforms smarter with MOSES,2-s2.0-85109035166,10.1016/j.future.2021.06.031,Understanding Users’ Deepfake Video Verification Strategies,2-s2.0-85144605792,10.1007/978-3-031-19682-9_4
Making data platforms smarter with MOSES,2-s2.0-85109035166,10.1016/j.future.2021.06.031,Micro-influencer Marketing Beauty Brand on Social Media,2-s2.0-85144601872,10.1007/978-3-031-19682-9_6
Making data platforms smarter with MOSES,2-s2.0-85109035166,10.1016/j.future.2021.06.031,Understanding the Patients’ Adoption and Usage of AI Solution in Mental Health: A Scoping Review,2-s2.0-85144601352,10.1007/978-3-031-19682-9_85
Making data platforms smarter with MOSES,2-s2.0-85109035166,10.1016/j.future.2021.06.031,A Hybrid Model for Demand Forecasting Based on the Combination of Statistical and Machine Learning Methods,2-s2.0-85144600720,10.1007/978-3-031-22137-8_33
Making data platforms smarter with MOSES,2-s2.0-85109035166,10.1016/j.future.2021.06.031,Exploring COVID-19 Technological Impacts on Portuguese Hotel Chains– CEO´s Perspective,2-s2.0-85144600010,10.1007/978-3-031-20316-9_11
Making data platforms smarter with MOSES,2-s2.0-85109035166,10.1016/j.future.2021.06.031,HCI Strategies for Informing the Design of a Teacher Dashboard: How Might Real-Time Situational Data Determine the Potential for Technological Support in the Classroom?,2-s2.0-85144599690,10.1007/978-3-031-19682-9_21
Making data platforms smarter with MOSES,2-s2.0-85109035166,10.1016/j.future.2021.06.031,Human-Centered Learning Engineering for the Emerging Intelligence Augmentation Economy,2-s2.0-85144599640,10.1007/978-3-031-19682-9_78
Making data platforms smarter with MOSES,2-s2.0-85109035166,10.1016/j.future.2021.06.031,Motion Inspired Unsupervised Perception and Prediction in Autonomous Driving,2-s2.0-85142726745,10.1007/978-3-031-19839-7_25
Making data platforms smarter with MOSES,2-s2.0-85109035166,10.1016/j.future.2021.06.031,Updatable NIZKs from Non-Interactive Zaps,2-s2.0-85142698558,10.1007/978-3-031-20974-1_2
Making data platforms smarter with MOSES,2-s2.0-85109035166,10.1016/j.future.2021.06.031,More Efficient Verifiable Functional Encryption,2-s2.0-85142668706,10.1007/978-3-031-20917-8_3
Making data platforms smarter with MOSES,2-s2.0-85109035166,10.1016/j.future.2021.06.031,Application of Big Data Technology in Business Management,2-s2.0-85142431269,10.1117/12.2653082
Making data platforms smarter with MOSES,2-s2.0-85109035166,10.1016/j.future.2021.06.031,Microblogging Environment Simulator: An Ethical Approach,2-s2.0-85141876231,10.1007/978-3-031-18192-4_38
Making data platforms smarter with MOSES,2-s2.0-85109035166,10.1016/j.future.2021.06.031,Constructive Post-Quantum Reductions,2-s2.0-85141695862,10.1007/978-3-031-15982-4_22
Making data platforms smarter with MOSES,2-s2.0-85109035166,10.1016/j.future.2021.06.031,CHIP and CRISP: Protecting All Parties Against Compromise Through Identity-Binding PAKEs,2-s2.0-85141692881,10.1007/978-3-031-15979-4_23
Making data platforms smarter with MOSES,2-s2.0-85109035166,10.1016/j.future.2021.06.031,A Combinatorial Study of Async/Await Processes,2-s2.0-85140734485,10.1007/978-3-031-17715-6_12
Making data platforms smarter with MOSES,2-s2.0-85109035166,10.1016/j.future.2021.06.031,Analysis of the Impact of White Box Adversarial Attacks in ResNet While Classifying Retinal Fundus Images,2-s2.0-85140433883,10.1007/978-3-031-16364-7_13
Making data platforms smarter with MOSES,2-s2.0-85109035166,10.1016/j.future.2021.06.031,From Images to Probabilistic Anatomical Shapes: A Deep Variational Bottleneck Approach,2-s2.0-85138991566,10.1007/978-3-031-16434-7_46
Making data platforms smarter with MOSES,2-s2.0-85109035166,10.1016/j.future.2021.06.031,Parallel Techniques for Variable Size Segmentation of Time Series Datasets,2-s2.0-85137991027,10.1007/978-3-031-15740-0_12
Making data platforms smarter with MOSES,2-s2.0-85109035166,10.1016/j.future.2021.06.031,An introduction to biosensors,2-s2.0-85137457050,10.1016/B978-0-12-824008-3.00013-8
Making data platforms smarter with MOSES,2-s2.0-85109035166,10.1016/j.future.2021.06.031,"Equational Unification and Matching, and Symbolic Reachability Analysis in Maude 3.2 (System Description)",2-s2.0-85135868866,10.1007/978-3-031-10769-6_31
Making data platforms smarter with MOSES,2-s2.0-85109035166,10.1016/j.future.2021.06.031,Artificial Intelligence Based Techniques for Underwater Image Restoration and Enhancement,2-s2.0-85135081198,10.1007/978-981-19-1122-4_57
Making data platforms smarter with MOSES,2-s2.0-85109035166,10.1016/j.future.2021.06.031,Memory Efficient Deep Neural Network Training,2-s2.0-85133029474,10.1007/978-3-031-06156-1_41
Making data platforms smarter with MOSES,2-s2.0-85109035166,10.1016/j.future.2021.06.031,Robustness on Diverse Data Disturbance Levels of Tabu Search for a Single Machine Scheduling,2-s2.0-85131962409,10.1007/978-3-031-06746-4_1
Making data platforms smarter with MOSES,2-s2.0-85109035166,10.1016/j.future.2021.06.031,Digital Divide and External Trade Liberalization in the MENA Region: A Theoretical and Empirical Investigations,2-s2.0-85131806357,10.1007/978-3-030-92133-0_6
Making data platforms smarter with MOSES,2-s2.0-85109035166,10.1016/j.future.2021.06.031,Towards Human-centric AutoML via Logic and Argumentation,2-s2.0-85130740902,
Making data platforms smarter with MOSES,2-s2.0-85109035166,10.1016/j.future.2021.06.031,Frequency Domain Modeling of an IPMC-Based Artificial Eukaryotic Flagellum Swimming Robot,2-s2.0-85129832852,10.1007/978-3-031-04383-3_6
Making data platforms smarter with MOSES,2-s2.0-85109035166,10.1016/j.future.2021.06.031,Introduction to Mid-infrared Fluoride and Chalcogenide Glasses and Fibers,2-s2.0-85129715870,10.1007/978-981-16-7941-4_1
Making data platforms smarter with MOSES,2-s2.0-85109035166,10.1016/j.future.2021.06.031,Bank Statements to Network Features: Extracting Features Out of Time Series Using Visibility Graph,2-s2.0-85128745456,10.1007/978-3-031-01333-1_22
Making data platforms smarter with MOSES,2-s2.0-85109035166,10.1016/j.future.2021.06.031,Attention-Based Video Disentangling and Matching Network for Zero-Shot Action Recognition,2-s2.0-85128742829,10.1007/978-981-19-0390-8_45
Making data platforms smarter with MOSES,2-s2.0-85109035166,10.1016/j.future.2021.06.031,Preserving Land Quality in European Metropolis,2-s2.0-85127833036,10.1007/978-3-030-94732-3_5
Making data platforms smarter with MOSES,2-s2.0-85109035166,10.1016/j.future.2021.06.031,A Large-Scale Study on the Security Vulnerabilities of Cloud Deployments,2-s2.0-85126194912,10.1007/978-981-19-0468-4_13
Making data platforms smarter with MOSES,2-s2.0-85109035166,10.1016/j.future.2021.06.031,The Problem with Universities Today,2-s2.0-85122435619,10.1007/978-981-16-6506-6_2
Making data platforms smarter with MOSES,2-s2.0-85109035166,10.1016/j.future.2021.06.031,Developing Statistical Models to Predict Temperature Distribution in Asphalt Concrete in Danang City,2-s2.0-85119443276,10.1007/978-981-16-7160-9_57
Making data platforms smarter with MOSES,2-s2.0-85109035166,10.1016/j.future.2021.06.031,Neural Abstractive Unsupervised Summarization of Online News Discussions,2-s2.0-85113516316,10.1007/978-3-030-82196-8_60
Making data platforms smarter with MOSES,2-s2.0-85109035166,10.1016/j.future.2021.06.031,An Integral Software Solution of the SGTM Neural-Like Structures Implementation for Solving Different Data Mining Tasks,2-s2.0-85112590331,10.1007/978-3-030-82014-5_48
Making data platforms smarter with MOSES,2-s2.0-85109035166,10.1016/j.future.2021.06.031,Towards a framework to optimise social media usage in academic libraries in Ghana: An empirical study,2-s2.0-85121427041,
Making data platforms smarter with MOSES,2-s2.0-85109035166,10.1016/j.future.2021.06.031,Efficient and secure substitution box and random number generators over Mordell elliptic curves,2-s2.0-85097553847,10.1016/j.jisa.2020.102619
Making data platforms smarter with MOSES,2-s2.0-85109035166,10.1016/j.future.2021.06.031,Introduction,2-s2.0-85162197400,10.1007/978-981-16-0328-0_1
Making data platforms smarter with MOSES,2-s2.0-85109035166,10.1016/j.future.2021.06.031,Discharges in Current Large Tokamaks,2-s2.0-85162189987,10.1007/978-981-16-0328-0_2
Making data platforms smarter with MOSES,2-s2.0-85109035166,10.1016/j.future.2021.06.031,Preface,2-s2.0-85161377999,
Making data platforms smarter with MOSES,2-s2.0-85109035166,10.1016/j.future.2021.06.031,"Post-Sovietness of the Popular: The West, the Post-Soviet Ukrainian Audience, and the Major Ukrainian Pop Star (1990s)",2-s2.0-85145985731,10.1007/978-3-030-85543-7_9
Making data platforms smarter with MOSES,2-s2.0-85109035166,10.1016/j.future.2021.06.031,Whitehall’s Collective Brainpower,2-s2.0-85145603370,10.1007/978-3-030-73123-6_5
Making data platforms smarter with MOSES,2-s2.0-85109035166,10.1016/j.future.2021.06.031,Research on Mixed Transaction Analytical Data Management Oriented to Data Middle Platform,2-s2.0-85125785920,10.1109/PIC53636.2021.9687022
Making data platforms smarter with MOSES,2-s2.0-85109035166,10.1016/j.future.2021.06.031,Multidirectional Conjugate Gradients for Scalable Bundle Adjustment,2-s2.0-85124299297,10.1007/978-3-030-92659-5_46
Making data platforms smarter with MOSES,2-s2.0-85109035166,10.1016/j.future.2021.06.031,Sharpshooting Most Beneficial Part of AUC for Detecting Malicious Logs,2-s2.0-85121930352,10.1007/978-981-16-8531-6_3
Making data platforms smarter with MOSES,2-s2.0-85109035166,10.1016/j.future.2021.06.031,Are Women Empowered Producers of Tourism in Pakistan?,2-s2.0-85120670290,10.1007/978-981-33-4757-1_6
Making data platforms smarter with MOSES,2-s2.0-85109035166,10.1016/j.future.2021.06.031,Nested Causality Extraction on Traffic Accident Texts as Question Answering,2-s2.0-85118155754,10.1007/978-3-030-88483-3_28
Making data platforms smarter with MOSES,2-s2.0-85109035166,10.1016/j.future.2021.06.031,Aspect-Sentiment-Multiple-Opinion Triplet Extraction,2-s2.0-85118127232,10.1007/978-3-030-88480-2_46
Making data platforms smarter with MOSES,2-s2.0-85109035166,10.1016/j.future.2021.06.031,Learning-Based Approaches to Estimate Job Wait Time in HTC Datacenters,2-s2.0-85117485126,10.1007/978-3-030-88224-2_6
Making data platforms smarter with MOSES,2-s2.0-85109035166,10.1016/j.future.2021.06.031,SGNet: Structure-Aware Graph-Based Network for Airway Semantic Segmentation,2-s2.0-85116438531,10.1007/978-3-030-87193-2_15
Making data platforms smarter with MOSES,2-s2.0-85109035166,10.1016/j.future.2021.06.031,Second-Order Finite Automata: Expressive Power and Simple Proofs Using Automatic Structures,2-s2.0-85113232564,10.1007/978-3-030-81508-0_20
Making data platforms smarter with MOSES,2-s2.0-85109035166,10.1016/j.future.2021.06.031,Josy: Development of a Digital Companion for Elderly People – A New Way to Experience Technology,2-s2.0-85112185713,10.1007/978-3-030-80744-3_54
Making data platforms smarter with MOSES,2-s2.0-85109035166,10.1016/j.future.2021.06.031,"Devices, Information, and People: Abstracting the Internet of Things for End-User Personalization",2-s2.0-85111455956,10.1007/978-3-030-79840-6_5
Making data platforms smarter with MOSES,2-s2.0-85109035166,10.1016/j.future.2021.06.031,Analyzing Enablers of Emission Reduction Strategies of Cement-manufacturing Industry of India under Fuzzy Environment,2-s2.0-85161459163,10.1007/978-981-32-9487-5_47
Making data platforms smarter with MOSES,2-s2.0-85109035166,10.1016/j.future.2021.06.031,Tool Materials and Tooling Package Design,2-s2.0-85161443509,10.1007/978-981-15-4238-1_2
Making data platforms smarter with MOSES,2-s2.0-85109035166,10.1016/j.future.2021.06.031,Introduction,2-s2.0-85161404861,10.1007/978-3-030-49613-5_1
Making data platforms smarter with MOSES,2-s2.0-85109035166,10.1016/j.future.2021.06.031,Sheath Physics,2-s2.0-85161389709,10.1007/978-3-030-49594-7_4
Making data platforms smarter with MOSES,2-s2.0-85109035166,10.1016/j.future.2021.06.031,Virtual Simulation with Statistical Approach on Performance Optimization,2-s2.0-85161376456,10.1007/978-981-32-9487-5_28
Making data platforms smarter with MOSES,2-s2.0-85109035166,10.1016/j.future.2021.06.031,Computational Modeling of the Edge Plasma Transport Phenomena,2-s2.0-85161374354,10.1007/978-3-030-49594-7_8
Making data platforms smarter with MOSES,2-s2.0-85109035166,10.1016/j.future.2021.06.031,Processing and Characterization of a High Entropy Alloy in Application to Golf Club Head,2-s2.0-85161367234,10.1007/978-981-32-9487-5_45
Making data platforms smarter with MOSES,2-s2.0-85109035166,10.1016/j.future.2021.06.031,Applications,2-s2.0-85161361117,10.1007/978-981-15-4238-1_8
Making data platforms smarter with MOSES,2-s2.0-85109035166,10.1016/j.future.2021.06.031,Edge Plasma Issues in Magnetic Fusion Devices,2-s2.0-85161360786,10.1007/978-3-030-49594-7_1
Making data platforms smarter with MOSES,2-s2.0-85109035166,10.1016/j.future.2021.06.031,Greek-Spanish Community: The Maintenance of the Spanish Language in Mixed Families,2-s2.0-85146626551,10.1007/978-3-030-28396-4_7
Making data platforms smarter with MOSES,2-s2.0-85109035166,10.1016/j.future.2021.06.031,Investigating Literacy Issues on Roma Education,2-s2.0-85146603496,10.1007/978-3-030-28396-4_12
Making data platforms smarter with MOSES,2-s2.0-85109035166,10.1016/j.future.2021.06.031,Reforming History for School and History for Education: A Pilot Study for History-Teaching for the Muslim Minority in Thrace,2-s2.0-85146580188,10.1007/978-3-030-28396-4_9
Making data platforms smarter with MOSES,2-s2.0-85109035166,10.1016/j.future.2021.06.031,Bilingual Students in the Public Primary Education Context in Greece: A Deterrent for the Greek Educational Landscape or a Chance for Improvement?,2-s2.0-85146557462,10.1007/978-3-030-28396-4_3
Making data platforms smarter with MOSES,2-s2.0-85109035166,10.1016/j.future.2021.06.031,Introduction: Language Diversity in Greece,2-s2.0-85146544184,10.1007/978-3-030-28396-4_1
Making data platforms smarter with MOSES,2-s2.0-85109035166,10.1016/j.future.2021.06.031,Pilot Literature Teaching in Thrace Muslim Minority,2-s2.0-85146536701,10.1007/978-3-030-28396-4_10
Making data platforms smarter with MOSES,2-s2.0-85109035166,10.1016/j.future.2021.06.031,‘The People Shall Govern’: The Codification of Ideas,2-s2.0-85146012678,10.1007/978-3-030-25744-6_4
Making data platforms smarter with MOSES,2-s2.0-85109035166,10.1016/j.future.2021.06.031,A Shout in the Street: Listening to the City in ‘Wandering Rocks’,2-s2.0-85145579975,10.1007/978-3-030-61206-1_8
Making data platforms smarter with MOSES,2-s2.0-85109035166,10.1016/j.future.2021.06.031,Here Comes Everybody! Remembering Joyce’s Music,2-s2.0-85145573235,10.1007/978-3-030-61206-1_2
Making data platforms smarter with MOSES,2-s2.0-85109035166,10.1016/j.future.2021.06.031,"Joyce, George Moore and the Irish Wagnerian Novel",2-s2.0-85145568510,10.1007/978-3-030-61206-1_5
Making data platforms smarter with MOSES,2-s2.0-85109035166,10.1016/j.future.2021.06.031,Research Design,2-s2.0-85145418062,10.1007/978-3-030-55792-8_4
Making data platforms smarter with MOSES,2-s2.0-85109035166,10.1016/j.future.2021.06.031,Into the Future: Better Development,2-s2.0-85145412105,10.1007/978-3-030-55792-8_9
Making data platforms smarter with MOSES,2-s2.0-85109035166,10.1016/j.future.2021.06.031,American Indians and Alaska Natives and Chinese Ethnic Minorities: Demographics and Higher Education,2-s2.0-85145390614,10.1007/978-3-030-55792-8_2
Making data platforms smarter with MOSES,2-s2.0-85109035166,10.1016/j.future.2021.06.031,Roles in Support of Indigenous/Ethnic Minority Peoples,2-s2.0-85145364970,10.1007/978-3-030-55792-8_5
Making data platforms smarter with MOSES,2-s2.0-85109035166,10.1016/j.future.2021.06.031,The Far Right and Gender,2-s2.0-85145230337,10.1007/978-3-030-21962-8_7
Making data platforms smarter with MOSES,2-s2.0-85109035166,10.1016/j.future.2021.06.031,The Milieu Approach,2-s2.0-85145207749,10.1007/978-3-030-21962-8_4
Making data platforms smarter with MOSES,2-s2.0-85109035166,10.1016/j.future.2021.06.031,"Indian English in Lesser-Known Ecologies: Afghanistan, Maldives and Uganda",2-s2.0-85131804456,10.1007/978-3-030-52225-4_8
Making data platforms smarter with MOSES,2-s2.0-85109035166,10.1016/j.future.2021.06.031,"Functions of English: Education, Entertainment and Commercials in South Korea",2-s2.0-85125911423,10.1007/978-3-030-52225-4_15
Making data platforms smarter with MOSES,2-s2.0-85109035166,10.1016/j.future.2021.06.031,5G: New Opportunities?,2-s2.0-85163195669,10.1007/978-3-319-77724-5_6
Making data platforms smarter with MOSES,2-s2.0-85109035166,10.1016/j.future.2021.06.031,Generating Value Through Digitalization: Simple and Digital,2-s2.0-85160188953,10.1007/978-3-319-77724-5_33
Making data platforms smarter with MOSES,2-s2.0-85109035166,10.1016/j.future.2021.06.031,How Multilingualism and Sociolinguistic Environment Influence Rear-Burden Usage in Basque: A Study on Bilingual and Trilingual University Students,2-s2.0-85146561559,10.1007/978-3-030-21380-0_9
Making data platforms smarter with MOSES,2-s2.0-85109035166,10.1016/j.future.2021.06.031,The Functioning of the ‘New Elements’ of the UN Peacebuilding Architecture,2-s2.0-85145197353,10.1007/978-3-030-03864-9_8
Making data platforms smarter with MOSES,2-s2.0-85109035166,10.1016/j.future.2021.06.031,The Importance of Professional Credibility,2-s2.0-85144663229,10.1007/978-3-030-04387-2_7
Making data platforms smarter with MOSES,2-s2.0-85109035166,10.1016/j.future.2021.06.031,A Post-disciplinary Science,2-s2.0-85122338295,10.1007/978-3-030-14497-5_2
Making data platforms smarter with MOSES,2-s2.0-85109035166,10.1016/j.future.2021.06.031,"Technology Transformation: Reinvent the Network and Change the Way of Working, Now!",2-s2.0-85091744303,10.1007/978-3-319-77724-5_32
Making data platforms smarter with MOSES,2-s2.0-85109035166,10.1016/j.future.2021.06.031,Smart Automation as Enabler of Digitalization? A Review of RPA/AI Potential and Barriers to Its Realization,2-s2.0-85064582151,10.1007/978-3-319-77724-5_31
Making data platforms smarter with MOSES,2-s2.0-85109035166,10.1016/j.future.2021.06.031,Anticipating the Future: Strategic Scenarios for Telco Markets and Initial Recommendations for Operators,2-s2.0-85064350760,10.1007/978-3-319-77724-5_1
Making data platforms smarter with MOSES,2-s2.0-85109035166,10.1016/j.future.2021.06.031,Sustainability Strategies in Luxury Fashion: Company Disclosure on Human Rights,2-s2.0-85163211522,10.1007/978-3-319-74367-7_9
Making data platforms smarter with MOSES,2-s2.0-85109035166,10.1016/j.future.2021.06.031,Human Rights in Global Supply Chains: Reflections of Tchibo: A Learning Journey on What Drives Change Towards Ensuring Human Rights of Workers in Global Supply Chains,2-s2.0-85163202778,10.1007/978-3-319-74367-7_5
Making data platforms smarter with MOSES,2-s2.0-85109035166,10.1016/j.future.2021.06.031,Creating Sustainable Business Partnerships at H&M Through Collaboration,2-s2.0-85163187147,10.1007/978-3-319-74367-7_6
Making data platforms smarter with MOSES,2-s2.0-85109035166,10.1016/j.future.2021.06.031,Value Chain Impact Measurement at the Otto Group,2-s2.0-85163171384,10.1007/978-3-319-74367-7_7
Making data platforms smarter with MOSES,2-s2.0-85109035166,10.1016/j.future.2021.06.031,Primary Research: The Nature of Scrum Survey,2-s2.0-85163170055,10.1007/978-3-319-73842-0_20
Making data platforms smarter with MOSES,2-s2.0-85109035166,10.1016/j.future.2021.06.031,From Hospital Sheet to High Quality Design Dress: Tauko’s Upcycling Method to Sustainable Fashion,2-s2.0-85163168223,10.1007/978-3-319-74367-7_11
Making data platforms smarter with MOSES,2-s2.0-85109035166,10.1016/j.future.2021.06.031,How to Run IBP: Use Cases,2-s2.0-85163160148,10.1007/978-3-319-75665-3_4
Making data platforms smarter with MOSES,2-s2.0-85109035166,10.1016/j.future.2021.06.031,Filippa K’s Fashion Manifest: Long Lasting Simplicity,2-s2.0-85163159321,10.1007/978-3-319-74367-7_8
Making data platforms smarter with MOSES,2-s2.0-85109035166,10.1016/j.future.2021.06.031,Legacy of Excellence: The Case of the United Arab Emirates (UAE),2-s2.0-85163042078,10.1007/978-3-319-70075-5_3
Making data platforms smarter with MOSES,2-s2.0-85109035166,10.1016/j.future.2021.06.031,Understanding Luxury Shoppers,2-s2.0-85162950070,10.1007/978-3-319-71557-5_1
Making data platforms smarter with MOSES,2-s2.0-85109035166,10.1016/j.future.2021.06.031,Organizations Achieve Excellence Through Quality Awards,2-s2.0-85162943063,10.1007/978-3-319-70075-5_2
Making data platforms smarter with MOSES,2-s2.0-85109035166,10.1016/j.future.2021.06.031,The UN Guiding Principles for Business and Human Rights as a Framework for Action in Global Textile Supply Chains,2-s2.0-85149592161,10.1007/978-3-319-74367-7_2
Making data platforms smarter with MOSES,2-s2.0-85109035166,10.1016/j.future.2021.06.031,"Translation, Virtual Environments and ICT Tools for Achieving Competence in Language for Specific Purposes",2-s2.0-85146616287,10.1007/978-3-319-68926-5_10
Making data platforms smarter with MOSES,2-s2.0-85109035166,10.1016/j.future.2021.06.031,The Supremacy of English in Philippine Language Education Policy,2-s2.0-85146593103,10.1007/978-981-10-7528-5_3
Making data platforms smarter with MOSES,2-s2.0-85109035166,10.1016/j.future.2021.06.031,The Technicist Framework and the Teaching of Speech Communication in the Philippines,2-s2.0-85146556280,10.1007/978-981-10-7528-5_10
Making data platforms smarter with MOSES,2-s2.0-85109035166,10.1016/j.future.2021.06.031,The Economic Theory of Socialism,2-s2.0-85146064302,10.1007/978-3-030-04540-1_9
Making data platforms smarter with MOSES,2-s2.0-85109035166,10.1016/j.future.2021.06.031,Doing the Right Thing: Welfare Reform Narratives and the Crafting of Consent,2-s2.0-85146024606,10.1057/978-1-137-40065-9_3
Making data platforms smarter with MOSES,2-s2.0-85109035166,10.1016/j.future.2021.06.031,Introducing Brazilian Travesti Migrations,2-s2.0-85146020423,10.1007/978-3-319-77101-4_1
Making data platforms smarter with MOSES,2-s2.0-85109035166,10.1016/j.future.2021.06.031,"On Bodies, Beauty, and Travesti Femininity",2-s2.0-85145981431,10.1007/978-3-319-77101-4_4
Making data platforms smarter with MOSES,2-s2.0-85109035166,10.1016/j.future.2021.06.031,Amateur Publications,2-s2.0-85145746282,10.1007/978-3-319-92549-3_7
Making data platforms smarter with MOSES,2-s2.0-85109035166,10.1016/j.future.2021.06.031,"Beyond Trade: Mercantilist Ideas of Dependency, Value, and Transmutation and Justification of Union",2-s2.0-85145733606,10.1007/978-3-319-96403-4_3
Making data platforms smarter with MOSES,2-s2.0-85109035166,10.1016/j.future.2021.06.031,The Elusive A.C. Pigou,2-s2.0-85145729560,10.1007/978-3-030-01018-8_2
Making data platforms smarter with MOSES,2-s2.0-85109035166,10.1016/j.future.2021.06.031,The ‘Prof’ and Marshallian Economics,2-s2.0-85145708335,10.1007/978-3-030-01018-8_3
Making data platforms smarter with MOSES,2-s2.0-85109035166,10.1016/j.future.2021.06.031,Balancing the Material and the Ideal,2-s2.0-85145678185,10.1007/978-3-030-01018-8_5
Making data platforms smarter with MOSES,2-s2.0-85109035166,10.1016/j.future.2021.06.031,Transnational Mechanisms and Pathways in EDUCO’s Development,2-s2.0-85145218175,10.1057/978-1-137-50875-1_8
Making data platforms smarter with MOSES,2-s2.0-85109035166,10.1016/j.future.2021.06.031,"‘Their Lives Have Become Ours’: Counter-Encounters in Mesopotamia, 1915–1918",2-s2.0-85145092273,10.1007/978-3-319-78229-4_8
Making data platforms smarter with MOSES,2-s2.0-85109035166,10.1016/j.future.2021.06.031,"Rise Phoenix-Like: British Soldiers, Civilization and the First World War in Greek Macedonia, 1915–1918",2-s2.0-85145056078,10.1007/978-3-319-78229-4_6
Making data platforms smarter with MOSES,2-s2.0-85109035166,10.1016/j.future.2021.06.031,Military Ways of Seeing: British Soldiers’ Sketches from the Egyptian Campaign of 1801,2-s2.0-85145024155,10.1007/978-3-319-78229-4_9
Making data platforms smarter with MOSES,2-s2.0-85109035166,10.1016/j.future.2021.06.031,Enabling Flexible Laboratory Processes: Designing the Laboratory Information System of the Future,2-s2.0-85143835669,10.1007/978-3-319-58307-5_19
Making data platforms smarter with MOSES,2-s2.0-85109035166,10.1016/j.future.2021.06.031,Application of the Design Thinking Approach to Process Redesign at an Insurance Company in Brazil,2-s2.0-85140892011,10.1007/978-3-319-58307-5_12
Making data platforms smarter with MOSES,2-s2.0-85109035166,10.1016/j.future.2021.06.031,Managing Environmental Protection Processes via BPM at Deutsche Bahn: FINK: The Information System for Nature Conservation and Compensation,2-s2.0-85138759073,10.1007/978-3-319-58307-5_20
Making data platforms smarter with MOSES,2-s2.0-85109035166,10.1016/j.future.2021.06.031,Introduction to Sustainable Fashion Governance,2-s2.0-85137685003,10.1007/978-3-319-74367-7_1
Making data platforms smarter with MOSES,2-s2.0-85109035166,10.1016/j.future.2021.06.031,Failure in Innovation: Is There Such a Thing?,2-s2.0-85102450480,10.1007/978-3-319-72757-8_3
Making data platforms smarter with MOSES,2-s2.0-85109035166,10.1016/j.future.2021.06.031,Towards Developing a Framework for Achieving Organizational Excellence: Theoretical Foundations,2-s2.0-85096504356,10.1007/978-3-319-70075-5_10
Making data platforms smarter with MOSES,2-s2.0-85109035166,10.1016/j.future.2021.06.031,Anguish as Mother Tongue: English in a Multilingual Context,2-s2.0-85091611800,10.1007/978-981-10-7528-5_5
Making data platforms smarter with MOSES,2-s2.0-85109035166,10.1016/j.future.2021.06.031,Transforming the Garment Industry in Bangladesh: Sharing Responsibility,2-s2.0-85086230176,10.1007/978-3-319-74367-7_4
Making data platforms smarter with MOSES,2-s2.0-85109035166,10.1016/j.future.2021.06.031,Enabling Flexibility of Business Processes Using Compliance Rules: The Case of Mobiliar,2-s2.0-85078526442,10.1007/978-3-319-58307-5_6
Making data platforms smarter with MOSES,2-s2.0-85109035166,10.1016/j.future.2021.06.031,Improving Patient Flows at St. Andrew’s War Memorial Hospital’s Emergency Department Through Process Mining,2-s2.0-85077886674,10.1007/978-3-319-58307-5_17
Making data platforms smarter with MOSES,2-s2.0-85109035166,10.1016/j.future.2021.06.031,Inter-municipal Cooperation in Slovenia: An Intermediate Step Towards Regionalisation,2-s2.0-85058624999,10.1007/978-3-319-62819-6_13
Making data platforms smarter with MOSES,2-s2.0-85109035166,10.1016/j.future.2021.06.031,Exploring the Influence of Organizational Culture on BPM Success: The Experience of the Pernambuco Court of Accounts,2-s2.0-85057183585,10.1007/978-3-319-58307-5_32
Making data platforms smarter with MOSES,2-s2.0-85109035166,10.1016/j.future.2021.06.031,Mapping the Success: Inter-municipal Cooperation in Two Czech Micro-regions,2-s2.0-85051989012,10.1007/978-3-319-62819-6_18
Making data platforms smarter with MOSES,2-s2.0-85109035166,10.1016/j.future.2021.06.031,Listening to Your Intuition: An Integrative Approach to Navigating VUCA,2-s2.0-85163021402,10.1007/978-3-319-52231-9_20
Making data platforms smarter with MOSES,2-s2.0-85109035166,10.1016/j.future.2021.06.031,Beginnings,2-s2.0-85160347539,10.1007/978-3-319-64227-7_2
Making data platforms smarter with MOSES,2-s2.0-85109035166,10.1016/j.future.2021.06.031,Management of Oil and Gas Resources in Iraqi-Kurdistan,2-s2.0-85153114713,10.1007/978-981-10-4518-9_6
Making data platforms smarter with MOSES,2-s2.0-85109035166,10.1016/j.future.2021.06.031,Importance and Development of the Oil and Gas Industry in the Iraqi Kurdistan Region,2-s2.0-85153084070,10.1007/978-981-10-4518-9_5
Making data platforms smarter with MOSES,2-s2.0-85109035166,10.1016/j.future.2021.06.031,General Conclusions and Discussion,2-s2.0-85153049684,10.1007/978-981-10-4518-9_7
Making data platforms smarter with MOSES,2-s2.0-85109035166,10.1016/j.future.2021.06.031,Working Lives of Men Aged 45 and Younger,2-s2.0-85145741519,10.1057/978-1-137-43532-3_4
Making data platforms smarter with MOSES,2-s2.0-85109035166,10.1016/j.future.2021.06.031,Old Age Plans,2-s2.0-85145695509,10.1057/978-1-137-43532-3_6
Making data platforms smarter with MOSES,2-s2.0-85109035166,10.1016/j.future.2021.06.031,Beyond Traffic: Trends and Choices 2045—A National Dialogue About Future Transportation Opportunities and Challenges,2-s2.0-85144993922,10.1007/978-3-319-51602-8_1
Making data platforms smarter with MOSES,2-s2.0-85109035166,10.1016/j.future.2021.06.031,Multimodal Transportation Payments Convergence—Key to Mobility,2-s2.0-85133812905,10.1007/978-3-319-51602-8_8
Making data platforms smarter with MOSES,2-s2.0-85109035166,10.1016/j.future.2021.06.031,Biking and the Connected City,2-s2.0-85103196206,10.1007/978-3-319-51602-8_18
Making data platforms smarter with MOSES,2-s2.0-85109035166,10.1016/j.future.2021.06.031,"Mobility Patterns in Shared, Autonomous, and Connected Urban Transport",2-s2.0-85039435086,10.1007/978-3-319-51602-8_16
Making data platforms smarter with MOSES,2-s2.0-85109035166,10.1016/j.future.2021.06.031,Accessibility in Cities: Transport and Urban Form,2-s2.0-85022136395,10.1007/978-3-319-51602-8_15
Making data platforms smarter with MOSES,2-s2.0-85109035166,10.1016/j.future.2021.06.031,Sex/Gender Equality: Taking a Break from the Legal to Transform the Social,2-s2.0-85145993708,10.1007/978-1-137-34437-3_6
Making data platforms smarter with MOSES,2-s2.0-85109035166,10.1016/j.future.2021.06.031,China’s Leapfrog to New Electric Vehicles,2-s2.0-85144945449,10.1007/978-3-319-24229-3_7
Making data platforms smarter with MOSES,2-s2.0-85109035166,10.1016/j.future.2021.06.031,From Chernobyl to Fukushima. The Environment is Acting as a Friend or an Enemy?,2-s2.0-85144844177,10.1007/978-94-017-7468-0_10
Making data platforms smarter with MOSES,2-s2.0-85109035166,10.1016/j.future.2021.06.031,A History of Self-Harm in Britain A Genealogy of Cutting and Overdosing,2-s2.0-85146082794,
Making data platforms smarter with MOSES,2-s2.0-85109035166,10.1016/j.future.2021.06.031,"Cultural Industries, Creative Economy and the Information Society",2-s2.0-85145397780,10.1057/9781137540089_4
Making data platforms smarter with MOSES,2-s2.0-85109035166,10.1016/j.future.2021.06.031,"The End of the Cold War? Bush, Kohl, Gorbachev, and the Reunification of Germany",2-s2.0-85145208707,
Making data platforms smarter with MOSES,2-s2.0-85109035166,10.1016/j.future.2021.06.031,Modelling Bluetooth Inquiry for SUMO,2-s2.0-85144943552,10.1007/978-3-319-15024-6_13
Making data platforms smarter with MOSES,2-s2.0-85109035166,10.1016/j.future.2021.06.031,A Situational Awareness Approach to Intelligent Vehicle Agents,2-s2.0-85144913424,10.1007/978-3-319-15024-6_6
Making data platforms smarter with MOSES,2-s2.0-85109035166,10.1016/j.future.2021.06.031,Cooperative Innovation,2-s2.0-85162231401,10.1007/978-3-319-00095-4_11
Making data platforms smarter with MOSES,2-s2.0-85109035166,10.1016/j.future.2021.06.031,Cooperative Innovation and Its Future,2-s2.0-85162223679,10.1007/978-3-319-00095-4_12
Making data platforms smarter with MOSES,2-s2.0-85109035166,10.1016/j.future.2021.06.031,"Opening Up Public Strategic Management: Foresight’s Contribution to Policy Relevance, Cooperation and Consistency",2-s2.0-85145070480,10.1057/9781137336972_4
Making data platforms smarter with MOSES,2-s2.0-85109035166,10.1016/j.future.2021.06.031,Different Political Management Structures and Coherence Issues in the Centre of Government,2-s2.0-85136902656,10.1057/9781137336972_6
Making data platforms smarter with MOSES,2-s2.0-85109035166,10.1016/j.future.2021.06.031,Plurilithic and Ecological Perspectives on English: Some Conceptual and Practical Implications,2-s2.0-85100619428,10.1007/978-94-007-7972-3_3
Making data platforms smarter with MOSES,2-s2.0-85109035166,10.1016/j.future.2021.06.031,English as a Medium of Instruction in East and Southeast Asian Universities,2-s2.0-85059507123,10.1007/978-94-007-7972-3_2
Making data platforms smarter with MOSES,2-s2.0-85109035166,10.1016/j.future.2021.06.031,Dealing with ‘Chinese Fever’: The Challenge of Chinese Teaching in the Australian Classroom,2-s2.0-85015233234,10.1007/978-94-007-7972-3_10
Making data platforms smarter with MOSES,2-s2.0-85109035166,10.1016/j.future.2021.06.031,Asia and Anglosphere: Public Symbolism and Language Policy in Australia,2-s2.0-84969901546,10.1007/978-94-007-7972-3_5
Making data platforms smarter with MOSES,2-s2.0-85109035166,10.1016/j.future.2021.06.031,Introduction: A Relational View of Language Learning,2-s2.0-84969798578,10.1007/978-94-007-7972-3_1
Making data platforms smarter with MOSES,2-s2.0-85109035166,10.1016/j.future.2021.06.031,The Growth of China’s Technology Transfer Industry,2-s2.0-85162240794,10.1007/978-3-319-00281-1_7
Making data platforms smarter with MOSES,2-s2.0-85109035166,10.1016/j.future.2021.06.031,Open Innovation and Intellectual Capital,2-s2.0-85162198929,10.1007/978-3-319-00281-1_1
Making data platforms smarter with MOSES,2-s2.0-85109035166,10.1016/j.future.2021.06.031,Natural Law Theory in Spain and Portugal,2-s2.0-85146083688,10.1007/978-94-007-5656-4_9
Making data platforms smarter with MOSES,2-s2.0-85109035166,10.1016/j.future.2021.06.031,Technology for the Environment to Drive Social Innovation,2-s2.0-85145749220,10.1007/978-3-642-36540-9_22
Making data platforms smarter with MOSES,2-s2.0-85109035166,10.1016/j.future.2021.06.031,Inclusive Business Models as a Key Driver for Social Innovation,2-s2.0-85145705979,10.1007/978-3-642-36540-9_9
Making data platforms smarter with MOSES,2-s2.0-85109035166,10.1016/j.future.2021.06.031,Social Innovation by Giving a Voice,2-s2.0-85145674385,10.1007/978-3-642-36540-9_21
Making data platforms smarter with MOSES,2-s2.0-85109035166,10.1016/j.future.2021.06.031,The Relation Between Ethics and Innovation,2-s2.0-85145670200,10.1007/978-3-642-36540-9_3
Making data platforms smarter with MOSES,2-s2.0-85109035166,10.1016/j.future.2021.06.031,Vision Zero: Technologies and Limitation,2-s2.0-85144987367,10.1007/978-3-319-00476-1_7
Making data platforms smarter with MOSES,2-s2.0-85109035166,10.1016/j.future.2021.06.031,Car2Pedestrian-Communication: Protection of Vulnerable Road Users Using Smartphones,2-s2.0-85144944743,10.1007/978-3-319-00476-1_4
Making data platforms smarter with MOSES,2-s2.0-85109035166,10.1016/j.future.2021.06.031,Retrieving Human Control After Situations of Automated Driving: How to Measure Situation Awareness,2-s2.0-85144916258,10.1007/978-3-319-00476-1_5
Making data platforms smarter with MOSES,2-s2.0-85109035166,10.1016/j.future.2021.06.031,Air Flow Meter 8. Generation: A Modular Approach for New Diesel System Challenges,2-s2.0-85098939088,10.1007/978-3-319-00476-1_34
Making data platforms smarter with MOSES,2-s2.0-85109035166,10.1016/j.future.2021.06.031,Intellectual Capital: The World’s Fastest Growing Asset Class,2-s2.0-85039713226,10.1007/978-3-319-00281-1_3
Making data platforms smarter with MOSES,2-s2.0-85109035166,10.1016/j.future.2021.06.031,Multi-Modal Cooperative Intelligent Transport Systems to Improve Safety,2-s2.0-85019760375,10.1007/978-3-319-00476-1_6
Making data platforms smarter with MOSES,2-s2.0-85109035166,10.1016/j.future.2021.06.031,Sex Power and the Games,2-s2.0-85146095483,
Making data platforms smarter with MOSES,2-s2.0-85109035166,10.1016/j.future.2021.06.031,Democratic States’ Response to Terrorism: A Comparative Reflection on the Perceived Role of the Judiciary in the Protection of Human Rights and Civil Liberties,2-s2.0-85145913596,10.1007/978-94-007-4062-4_11
Making data platforms smarter with MOSES,2-s2.0-85109035166,10.1016/j.future.2021.06.031,Why the Czech Republic Does Not (Yet) Recognize Corporate Criminal Liability: A Description of Unsuccessful Law Reforms,2-s2.0-85145899056,10.1007/978-94-007-0674-3_13
Making data platforms smarter with MOSES,2-s2.0-85109035166,10.1016/j.future.2021.06.031,Corporate criminal liability in Swiss law,2-s2.0-84955373568,10.1007/978-94-007-0674-3_7
Making data platforms smarter with MOSES,2-s2.0-85109035166,10.1016/j.future.2021.06.031,Introduction: Rethinking the Medieval Clergy and Masculinity,2-s2.0-85145393699,10.1057/9780230290464_1
Making data platforms smarter with MOSES,2-s2.0-85109035166,10.1016/j.future.2021.06.031,"Mirror of the Scholarly (Masculine) Soul: Scholastics, Beguines and Gendered Spirituality in Medieval Paris",2-s2.0-85145390568,10.1057/9780230290464_11
Making data platforms smarter with MOSES,2-s2.0-85109035166,10.1016/j.future.2021.06.031,"Knights, Bishops and Deer Parks: Episcopal Identity, Emasculation and Clerical Space in Medieval England",2-s2.0-85145373971,10.1057/9780230290464_10
Making data platforms smarter with MOSES,2-s2.0-85109035166,10.1016/j.future.2021.06.031,"The Common Bond of Aristocratic Masculinity: Monks, Secular Men and St. Gerald of Aurillac",2-s2.0-85145369984,10.1057/9780230290464_3
Making data platforms smarter with MOSES,2-s2.0-85109035166,10.1016/j.future.2021.06.031,The Warrior Habitus: Militant Masculinity and Monasticism in the Henrician Reform Movement,2-s2.0-84859080997,10.1057/9780230290464_4
Making data platforms smarter with MOSES,2-s2.0-85109035166,10.1016/j.future.2021.06.031,Spin Glass Identities and the Nishimori Line,2-s2.0-85145413168,10.1007/978-3-7643-9891-0_4
Making data platforms smarter with MOSES,2-s2.0-85109035166,10.1016/j.future.2021.06.031,Fluctuations in Finite-dimensional Spin-glass Dynamics,2-s2.0-85145386584,10.1007/978-3-7643-9891-0_10
Making data platforms smarter with MOSES,2-s2.0-85109035166,10.1016/j.future.2021.06.031,Chaos in Mean-field Spin-glass Models,2-s2.0-85145381570,10.1007/978-3-7643-9891-0_6
Making data platforms smarter with MOSES,2-s2.0-85109035166,10.1016/j.future.2021.06.031,Self-averaging Identities for Random Spin Systems,2-s2.0-84936939541,10.1007/978-3-7643-9891-0_5
Making data platforms smarter with MOSES,2-s2.0-85109035166,10.1016/j.future.2021.06.031,FEM and Time Stepping Procedures in Non-Linear Dynamics of Flexible Branched Shell Structures,2-s2.0-85159438665,10.1007/978-3-540-39905-6_3
Making data platforms smarter with MOSES,2-s2.0-85109035166,10.1016/j.future.2021.06.031,The Theory of Simple Elastic Shells,2-s2.0-85159433387,10.1007/978-3-540-39905-6_1
Making data platforms smarter with MOSES,2-s2.0-85109035166,10.1016/j.future.2021.06.031,An Assessment of Classical and Refined Plate Theories Derived From the Principle of Virtual Displacements,2-s2.0-85159429497,10.1007/978-3-540-39905-6_17
Making data platforms smarter with MOSES,2-s2.0-85109035166,10.1016/j.future.2021.06.031,On the Effect of Transverse Core Compressibility on the Buckling of Sandwich Shells,2-s2.0-85159393841,10.1007/978-3-540-39905-6_8
Conversational OLAP,2-s2.0-85118769792,,,,
Optimizing Execution Plans in a Multistore,2-s2.0-85115134032,10.1007/978-3-030-82472-3_11,Multi-model query languages: taming the variety of big data,2-s2.0-85160752944,10.1007/s10619-023-07433-1
Optimizing Execution Plans in a Multistore,2-s2.0-85115134032,10.1007/978-3-030-82472-3_11,Cost-based Optimization of Multistore Query Plans,2-s2.0-85139405955,10.1007/s10796-022-10320-2
Optimizing Execution Plans in a Multistore,2-s2.0-85115134032,10.1007/978-3-030-82472-3_11,HAMLET: A framework for Human-centered AutoML via Structured Argumentation,2-s2.0-85145965157,10.1016/j.future.2022.12.035
Optimizing Execution Plans in a Multistore,2-s2.0-85115134032,10.1007/978-3-030-82472-3_11,On the Optimization of Query Plans in Multistores (Discussion Paper),2-s2.0-85173485992,
Optimizing Execution Plans in a Multistore,2-s2.0-85115134032,10.1007/978-3-030-82472-3_11,Towards Human-centric AutoML via Logic and Argumentation,2-s2.0-85130740902,
Conversational OLAP in action,2-s2.0-85113716450,10.5441/002/edbt.2021.74,Conversational OLAP,2-s2.0-85118769792,
Assess queries for interactive analysis of data cubes,2-s2.0-85113712544,10.5441/002/edbt.2021.12,VOOL: A modular insight-based framework for vocalizing OLAP sessions,2-s2.0-85211035819,10.1016/j.is.2024.102496
Assess queries for interactive analysis of data cubes,2-s2.0-85113712544,10.5441/002/edbt.2021.12,Personalization of OLAP queries for hierarchical visualization under constraints,2-s2.0-85197395708,10.1007/s13278-024-01279-w
Assess queries for interactive analysis of data cubes,2-s2.0-85113712544,10.5441/002/edbt.2021.12,Explaining cube measures through Intentional Analytics,2-s2.0-85180538265,10.1016/j.is.2023.102338
Assess queries for interactive analysis of data cubes,2-s2.0-85113712544,10.5441/002/edbt.2021.12,Comparison Queries Generation Using Mathematical Programming for Exploratory Data Analysis,2-s2.0-85205958673,10.1109/TKDE.2024.3474828
Assess queries for interactive analysis of data cubes,2-s2.0-85113712544,10.5441/002/edbt.2021.12,"Data Science Tasks Implemented with Scripts versus GUI-Based Workflows: The Good, the Bad, and the Ugly",2-s2.0-85197356386,10.1109/ICDEW61823.2024.00040
Assess queries for interactive analysis of data cubes,2-s2.0-85113712544,10.5441/002/edbt.2021.12,Suggesting Assess Queries for Interactive Analysis of Multidimensional Data,2-s2.0-85129353199,10.1109/TKDE.2022.3171516
Assess queries for interactive analysis of data cubes,2-s2.0-85113712544,10.5441/002/edbt.2021.12,Describing and Assessing Cubes Through Intentional Analytics,2-s2.0-85165002810,10.48786/edbt.2023.69
Assess queries for interactive analysis of data cubes,2-s2.0-85113712544,10.5441/002/edbt.2021.12,A Personalized Multidimensional Navigation in a Limited Visualization Context,2-s2.0-85181113042,10.1109/CW58918.2023.00018
Assess queries for interactive analysis of data cubes,2-s2.0-85113712544,10.5441/002/edbt.2021.12,Personalized OLAP queries under Hierarchical Visualization Constraint,2-s2.0-85179558569,10.1109/INISTA59065.2023.10310545
Assess queries for interactive analysis of data cubes,2-s2.0-85113712544,10.5441/002/edbt.2021.12,Using Regression to Explain Cube Measures,2-s2.0-85173478290,
Assess queries for interactive analysis of data cubes,2-s2.0-85113712544,10.5441/002/edbt.2021.12,The Whys and Wherefores of Cubes,2-s2.0-85153334849,
Assess queries for interactive analysis of data cubes,2-s2.0-85113712544,10.5441/002/edbt.2021.12,Enhancing Cubes with Models to Describe Multidimensional Data,2-s2.0-85107683405,10.1007/s10796-021-10147-3
Assess queries for interactive analysis of data cubes,2-s2.0-85113712544,10.5441/002/edbt.2021.12,Insight-Based Vocalization of OLAP Sessions,2-s2.0-85137993971,10.1007/978-3-031-15740-0_15
Assess queries for interactive analysis of data cubes,2-s2.0-85113712544,10.5441/002/edbt.2021.12,Describing Multidimensional Data Through Highlights (Discussion Paper),2-s2.0-85137469232,
Crop Management with the IoT: An Interdisciplinary Survey,2-s2.0-85100942957,10.3390/agronomy11010181,An auto-tuning process-based 3D model to forecast irrigation demand in kiwifruit,2-s2.0-85212101165,10.1016/j.ecoinf.2024.102947
Crop Management with the IoT: An Interdisciplinary Survey,2-s2.0-85100942957,10.3390/agronomy11010181,"Exploring the Economic Implications of IoT Adoption in Agriculture: A Cost-Benefit Study in Jazan, Saudi Arabia",2-s2.0-85216526341,10.17582/journal.sja/2025/41.1.51.65
Crop Management with the IoT: An Interdisciplinary Survey,2-s2.0-85100942957,10.3390/agronomy11010181,AI-Based Precision Farming for Sustainable Agriculture in Bangladesh,2-s2.0-85207838396,10.1007/978-981-97-3937-0_39
Crop Management with the IoT: An Interdisciplinary Survey,2-s2.0-85100942957,10.3390/agronomy11010181,Smart Agriculture: A Comprehensive Overview,2-s2.0-85206808233,10.1007/s42979-024-03319-w
Crop Management with the IoT: An Interdisciplinary Survey,2-s2.0-85100942957,10.3390/agronomy11010181,Laser Weeding Technology in Cropping Systems: A Comprehensive Review,2-s2.0-85207332117,10.3390/agronomy14102253
Crop Management with the IoT: An Interdisciplinary Survey,2-s2.0-85100942957,10.3390/agronomy11010181,THE IMPORTANCE OF ECO-INNOVATIVE WEED CONTROL USING LASER TECHNOLOGY IN CREATING SUSTAINABLE AGRICULTURE IN THE EUROPEAN UNION. SOCIO-ECONOMIC PERSPECTIVE,2-s2.0-85194170579,10.34659/eis.2024.88.1.741
Crop Management with the IoT: An Interdisciplinary Survey,2-s2.0-85100942957,10.3390/agronomy11010181,Colossal Trajectory Mining: A unifying approach to mine behavioral mobility patterns,2-s2.0-85174707802,10.1016/j.eswa.2023.122055
Crop Management with the IoT: An Interdisciplinary Survey,2-s2.0-85100942957,10.3390/agronomy11010181,Situation and challenges of digital isolation in rural Spanish areas,2-s2.0-85214579586,10.7201/EARN.2024.02.04
Crop Management with the IoT: An Interdisciplinary Survey,2-s2.0-85100942957,10.3390/agronomy11010181,Experimental Evaluation of End-to-End Security Protocols for the Internet of Everything,2-s2.0-85213817493,10.1109/RTSI61910.2024.10761793
Crop Management with the IoT: An Interdisciplinary Survey,2-s2.0-85100942957,10.3390/agronomy11010181,A Systematic Examination of Adaptive Protocols in Hybrid 5G and LoRaWAN IoT Environments,2-s2.0-85210878090,10.23919/FRUCT64283.2024.10749890
Crop Management with the IoT: An Interdisciplinary Survey,2-s2.0-85100942957,10.3390/agronomy11010181,A Comprehensive Analysis of 5G Dynamic Spectrum Sharing for IoT Environments,2-s2.0-85210850175,10.23919/FRUCT64283.2024.10749927
Crop Management with the IoT: An Interdisciplinary Survey,2-s2.0-85100942957,10.3390/agronomy11010181,Implications and Transformative Potential of 5G-Enabled M2M Communication for the IoT Landscape,2-s2.0-85210809624,10.23919/FRUCT64283.2024.10749853
Crop Management with the IoT: An Interdisciplinary Survey,2-s2.0-85100942957,10.3390/agronomy11010181,Colossal Trajectory Mining Semantic Co-movement Pattern Mining,2-s2.0-85202010909,
Crop Management with the IoT: An Interdisciplinary Survey,2-s2.0-85100942957,10.3390/agronomy11010181,Artificial Intelligence and Internet of Things in Smart Farming,2-s2.0-85196602385,10.1201/9781003400103
Crop Management with the IoT: An Interdisciplinary Survey,2-s2.0-85100942957,10.3390/agronomy11010181,Fabrication and investigation of agricultural monitoring system with IoT & AI,2-s2.0-85176146606,10.1007/s42452-023-05526-1
Crop Management with the IoT: An Interdisciplinary Survey,2-s2.0-85100942957,10.3390/agronomy11010181,Machine Learning-Based Classification of Mango Pulp Weevil Activity Utilizing an Acoustic Sensor,2-s2.0-85178165882,10.3390/mi14111979
Crop Management with the IoT: An Interdisciplinary Survey,2-s2.0-85100942957,10.3390/agronomy11010181,LambdAgrIoT: a new architecture for agricultural autonomous robots’ scheduling: from design to experiments,2-s2.0-85140242438,10.1007/s10586-022-03592-5
Crop Management with the IoT: An Interdisciplinary Survey,2-s2.0-85100942957,10.3390/agronomy11010181,Evaluation of Different Methods and Models for Grass Cereals’ Production Estimation: Case Study in Wheat,2-s2.0-85163947335,10.3390/agronomy13061500
Crop Management with the IoT: An Interdisciplinary Survey,2-s2.0-85100942957,10.3390/agronomy11010181,Smart farming using cloud-based Iot data analytics,2-s2.0-85160202478,10.1016/j.measen.2023.100806
Crop Management with the IoT: An Interdisciplinary Survey,2-s2.0-85100942957,10.3390/agronomy11010181,"Design and Implementation of a Framework for Smart Home Automation Based on Cellular IoT, MQTT, and Serverless Functions",2-s2.0-85159183627,10.3390/s23094459
Crop Management with the IoT: An Interdisciplinary Survey,2-s2.0-85100942957,10.3390/agronomy11010181,Sustainable energy storage devices and device design for sensors and actuators applications,2-s2.0-85175480437,10.1002/9781119817741.ch10
Crop Management with the IoT: An Interdisciplinary Survey,2-s2.0-85100942957,10.3390/agronomy11010181,A Comprehensive Study on Smart Agriculture Applications in India,2-s2.0-85150639675,10.1007/s11277-023-10234-5
Crop Management with the IoT: An Interdisciplinary Survey,2-s2.0-85100942957,10.3390/agronomy11010181,A Scalable Device for Undisturbed Measurement of Water and CO<inf>2</inf> Fluxes through Natural Surfaces,2-s2.0-85149895087,10.3390/s23052647
Crop Management with the IoT: An Interdisciplinary Survey,2-s2.0-85100942957,10.3390/agronomy11010181,Essentials of internet of things in smart agriculture: Design principles and architectures for its application in various domains and use cases,2-s2.0-85151850523,10.4018/978-1-6684-6821-0.ch011
Crop Management with the IoT: An Interdisciplinary Survey,2-s2.0-85100942957,10.3390/agronomy11010181,Smart Agriculture: A Comprehensive and Analytical Survey,2-s2.0-85187253235,10.1109/IC3I59117.2023.10397737
Crop Management with the IoT: An Interdisciplinary Survey,2-s2.0-85100942957,10.3390/agronomy11010181,Multivariate Time Series Forecasting to Forecast Weight Dynamics,2-s2.0-85186763083,10.1109/ICACIC59454.2023.10434951
Crop Management with the IoT: An Interdisciplinary Survey,2-s2.0-85100942957,10.3390/agronomy11010181,Internet of Things (IoT) in Soil Management for Achieving Smart Agriculture,2-s2.0-85181548023,10.1002/9781119911999.ch20
Crop Management with the IoT: An Interdisciplinary Survey,2-s2.0-85100942957,10.3390/agronomy11010181,Recent advancements of Internet of Things in Precision Agriculture: A Review,2-s2.0-85164560145,10.1109/ICDT57929.2023.10150981
Crop Management with the IoT: An Interdisciplinary Survey,2-s2.0-85100942957,10.3390/agronomy11010181,An IoT-enabled energy-efficient approach for the detection of leaf curl disease in tomato crops,2-s2.0-85138137895,10.1007/s11276-022-03071-0
Crop Management with the IoT: An Interdisciplinary Survey,2-s2.0-85100942957,10.3390/agronomy11010181,Is the Rural Population Caught in the Whirlwind of the Digital Divide?,2-s2.0-85144727610,10.3390/agriculture12121976
Crop Management with the IoT: An Interdisciplinary Survey,2-s2.0-85100942957,10.3390/agronomy11010181,A Smart and Mechanized Agricultural Application: From Cultivation to Harvest,2-s2.0-85132567954,10.3390/app12126021
Crop Management with the IoT: An Interdisciplinary Survey,2-s2.0-85100942957,10.3390/agronomy11010181,Multi-sensor profiling for precision soil-moisture monitoring,2-s2.0-85129541562,10.1016/j.compag.2022.106924
Crop Management with the IoT: An Interdisciplinary Survey,2-s2.0-85100942957,10.3390/agronomy11010181,Laser Weeding With Small Autonomous Vehicles: Friends or Foes?,2-s2.0-85127263541,10.3389/fagro.2022.841086
Crop Management with the IoT: An Interdisciplinary Survey,2-s2.0-85100942957,10.3390/agronomy11010181,Analysis of the Chlorophyll and Carotenoids Content in Brassica Chinensis Plants Using IoT-Based Sprinkle Irrigation,2-s2.0-85134762829,10.12911/22998993/150683
Crop Management with the IoT: An Interdisciplinary Survey,2-s2.0-85100942957,10.3390/agronomy11010181,AgroInfo DSF: A Smart Decision Support Framework for Precision Agriculture and Farming,2-s2.0-85134605028,10.1007/978-3-031-10388-9_7
Crop Management with the IoT: An Interdisciplinary Survey,2-s2.0-85100942957,10.3390/agronomy11010181,"Machine Learning in Precision Agriculture: A Survey on Trends, Applications and Evaluations over Two Decades",2-s2.0-85134207203,10.1109/ACCESS.2022.3188649
Crop Management with the IoT: An Interdisciplinary Survey,2-s2.0-85100942957,10.3390/agronomy11010181,IoT in Farm Productivity Enhancement,2-s2.0-85130172241,10.1109/DASA54658.2022.9765273
Crop Management with the IoT: An Interdisciplinary Survey,2-s2.0-85100942957,10.3390/agronomy11010181,Prediction of pest insect appearance using sensors and machine learning,2-s2.0-85110132246,10.3390/s21144846
Crop Management with the IoT: An Interdisciplinary Survey,2-s2.0-85100942957,10.3390/agronomy11010181,Augmented intelligent distributed sensing system model for precision agriculture,2-s2.0-85107774063,10.1109/ConfTELE50222.2021.9435498
Crop Management with the IoT: An Interdisciplinary Survey,2-s2.0-85100942957,10.3390/agronomy11010181,A path model of the intention to adopt variable rate irrigation in Northeast Italy,2-s2.0-85100936750,10.3390/su13041879
Crop Management with the IoT: An Interdisciplinary Survey,2-s2.0-85100942957,10.3390/agronomy11010181,On Designing and Implementing Agro-ecology IoT Applications: Issues from Applied Research Projects,2-s2.0-85123005832,10.1109/EDOCW52865.2021.00050
Crop Management with the IoT: An Interdisciplinary Survey,2-s2.0-85100942957,10.3390/agronomy11010181,AgriFusion: An Architecture for IoT and Emerging Technologies Based on a Precision Agriculture Survey,2-s2.0-85116901267,10.1109/ACCESS.2021.3116814
DART: De-Anonymization of personal gazetteers through social trajectories,2-s2.0-85093926143,10.1016/j.jisa.2020.102634,Trajectory privacy protection method with smart contract-based query exchange in the Social Internet of Vehicles,2-s2.0-85190066347,10.1016/j.comcom.2024.04.014
DART: De-Anonymization of personal gazetteers through social trajectories,2-s2.0-85093926143,10.1016/j.jisa.2020.102634,Colossal Trajectory Mining: A unifying approach to mine behavioral mobility patterns,2-s2.0-85174707802,10.1016/j.eswa.2023.122055
DART: De-Anonymization of personal gazetteers through social trajectories,2-s2.0-85093926143,10.1016/j.jisa.2020.102634,Colossal Trajectory Mining Semantic Co-movement Pattern Mining,2-s2.0-85202010909,
DART: De-Anonymization of personal gazetteers through social trajectories,2-s2.0-85093926143,10.1016/j.jisa.2020.102634,A Survey and Experimental Study on Privacy-Preserving Trajectory Data Publishing,2-s2.0-85132525373,10.1109/TKDE.2022.3174204
DART: De-Anonymization of personal gazetteers through social trajectories,2-s2.0-85093926143,10.1016/j.jisa.2020.102634,Associated Information and Communication Technologies Challenges of Smart City Development,2-s2.0-85143791703,10.3390/su142316240
DART: De-Anonymization of personal gazetteers through social trajectories,2-s2.0-85093926143,10.1016/j.jisa.2020.102634,Toward Privacy Preservation Using Clustering Based Anonymization: Recent Advances and Future Research Outlook,2-s2.0-85130492882,10.1109/ACCESS.2022.3175219
DART: De-Anonymization of personal gazetteers through social trajectories,2-s2.0-85093926143,10.1016/j.jisa.2020.102634,A Privacy-Aware Zero Interaction Smart Mobility System,2-s2.0-85123721902,10.1109/ACCESS.2022.3146340
A-BI<sup>+</sup>: A framework for Augmented Business Intelligence,2-s2.0-85082441558,10.1016/j.is.2020.101520,VOOL: A modular insight-based framework for vocalizing OLAP sessions,2-s2.0-85211035819,10.1016/j.is.2024.102496
A-BI<sup>+</sup>: A framework for Augmented Business Intelligence,2-s2.0-85082441558,10.1016/j.is.2020.101520,"Immersive Analytics: The Influence of Flow, Sense of Agency, and Presence on Performance and Satisfaction",2-s2.0-85196420869,10.1145/3661144
A-BI<sup>+</sup>: A framework for Augmented Business Intelligence,2-s2.0-85082441558,10.1016/j.is.2020.101520,Explaining cube measures through Intentional Analytics,2-s2.0-85180538265,10.1016/j.is.2023.102338
A-BI<sup>+</sup>: A framework for Augmented Business Intelligence,2-s2.0-85082441558,10.1016/j.is.2020.101520,Organizational Factors Enabling Augmented Analytic and BI 4.0 Implementation Success,2-s2.0-85211010454,10.1109/EMR.2024.3506865
A-BI<sup>+</sup>: A framework for Augmented Business Intelligence,2-s2.0-85082441558,10.1016/j.is.2020.101520,Methodology for a Business Intelligence Platform by Using Oracle 19C Database Engine and its Limitations,2-s2.0-85208021175,10.1007/978-3-031-70300-3_5
A-BI<sup>+</sup>: A framework for Augmented Business Intelligence,2-s2.0-85082441558,10.1016/j.is.2020.101520,Suggesting Assess Queries for Interactive Analysis of Multidimensional Data,2-s2.0-85129353199,10.1109/TKDE.2022.3171516
A-BI<sup>+</sup>: A framework for Augmented Business Intelligence,2-s2.0-85082441558,10.1016/j.is.2020.101520,The Whys and Wherefores of Cubes,2-s2.0-85153334849,
A-BI<sup>+</sup>: A framework for Augmented Business Intelligence,2-s2.0-85082441558,10.1016/j.is.2020.101520,COOL: A framework for conversational OLAP,2-s2.0-85103428030,10.1016/j.is.2021.101752
A-BI<sup>+</sup>: A framework for Augmented Business Intelligence,2-s2.0-85082441558,10.1016/j.is.2020.101520,Insight-Based Vocalization of OLAP Sessions,2-s2.0-85137993971,10.1007/978-3-031-15740-0_15
A-BI<sup>+</sup>: A framework for Augmented Business Intelligence,2-s2.0-85082441558,10.1016/j.is.2020.101520,Cross-national differences in big data analytics adoption in the retail industry,2-s2.0-85119055485,10.1016/j.jretconser.2021.102827
A-BI<sup>+</sup>: A framework for Augmented Business Intelligence,2-s2.0-85082441558,10.1016/j.is.2020.101520,What's the Situation with Situated Visualization? A Survey and Perspectives on Situatedness,2-s2.0-85118642294,10.1109/TVCG.2021.3114835
A-BI<sup>+</sup>: A framework for Augmented Business Intelligence,2-s2.0-85082441558,10.1016/j.is.2020.101520,Business intelligence and data analytics in business processes,2-s2.0-85205590079,10.51252/rcsi.v1i2.167
A-BI<sup>+</sup>: A framework for Augmented Business Intelligence,2-s2.0-85082441558,10.1016/j.is.2020.101520,Conversational OLAP,2-s2.0-85118769792,
A-BI<sup>+</sup>: A framework for Augmented Business Intelligence,2-s2.0-85082441558,10.1016/j.is.2020.101520,Conversational OLAP in action,2-s2.0-85113716450,10.5441/002/edbt.2021.74
A-BI<sup>+</sup>: A framework for Augmented Business Intelligence,2-s2.0-85082441558,10.1016/j.is.2020.101520,Path Planning of Unmanned Autonomous Helicopter Based on Human-Computer Hybrid Augmented Intelligence,2-s2.0-85099932402,10.1155/2021/6639664
Summarization and visualization of multi-level and multi-dimensional itemsets,2-s2.0-85079239065,10.1016/j.ins.2020.02.006,Personalization of OLAP queries for hierarchical visualization under constraints,2-s2.0-85197395708,10.1007/s13278-024-01279-w
Summarization and visualization of multi-level and multi-dimensional itemsets,2-s2.0-85079239065,10.1016/j.ins.2020.02.006,Colossal Trajectory Mining: A unifying approach to mine behavioral mobility patterns,2-s2.0-85174707802,10.1016/j.eswa.2023.122055
Summarization and visualization of multi-level and multi-dimensional itemsets,2-s2.0-85079239065,10.1016/j.ins.2020.02.006,Mining the colossal patterns using ISSA based KMC with VGHHO clustering model for high dimensional data,2-s2.0-85186091842,10.1016/j.teler.2024.100125
Summarization and visualization of multi-level and multi-dimensional itemsets,2-s2.0-85079239065,10.1016/j.ins.2020.02.006,Colossal Trajectory Mining Semantic Co-movement Pattern Mining,2-s2.0-85202010909,
Summarization and visualization of multi-level and multi-dimensional itemsets,2-s2.0-85079239065,10.1016/j.ins.2020.02.006,A Survey and Experimental Study on Privacy-Preserving Trajectory Data Publishing,2-s2.0-85132525373,10.1109/TKDE.2022.3174204
Summarization and visualization of multi-level and multi-dimensional itemsets,2-s2.0-85079239065,10.1016/j.ins.2020.02.006,COOL: A framework for conversational OLAP,2-s2.0-85103428030,10.1016/j.is.2021.101752
Summarization and visualization of multi-level and multi-dimensional itemsets,2-s2.0-85079239065,10.1016/j.ins.2020.02.006,Conversational OLAP,2-s2.0-85118769792,
Summarization and visualization of multi-level and multi-dimensional itemsets,2-s2.0-85079239065,10.1016/j.ins.2020.02.006,Study of Effective Mining Algorithms for Frequent Itemsets,2-s2.0-85101981547,10.1007/978-981-15-9509-7_41
Summarization and visualization of multi-level and multi-dimensional itemsets,2-s2.0-85079239065,10.1016/j.ins.2020.02.006,Multidimensional Heterogeneous Medical Data Push in Intelligent Cloud Collaborative Management System,2-s2.0-85095819851,10.1155/2020/7574609
Towards a Conceptual Model for Data Narratives,2-s2.0-85097380415,10.1007/978-3-030-62522-1_19,A methodology for the systematic design of storytelling dashboards applied to Industry 4.0,2-s2.0-85215837026,10.1016/j.datak.2025.102410
Towards a Conceptual Model for Data Narratives,2-s2.0-85097380415,10.1007/978-3-030-62522-1_19,"Immersive Data-Driven Storytelling: Scoping an Emerging Field Through the Lenses of Research, Journalism, and Games",2-s2.0-85216020867,10.1109/TVCG.2025.3531138
Towards a Conceptual Model for Data Narratives,2-s2.0-85097380415,10.1007/978-3-030-62522-1_19,Highlighting the Importance of Intentional Aspects in Data Narrative Crafting Processes,2-s2.0-85168569804,10.1007/s10796-023-10418-1
Towards a Conceptual Model for Data Narratives,2-s2.0-85097380415,10.1007/978-3-030-62522-1_19,Insights into commonalities of a sample: A visualization framework to explore unusual subset-dataset relationships,2-s2.0-85188808893,10.1016/j.datak.2024.102299
Towards a Conceptual Model for Data Narratives,2-s2.0-85097380415,10.1007/978-3-030-62522-1_19,DATATALES: A Benchmark for Real-World Intelligent Data Narration,2-s2.0-85217752099,
Towards a Conceptual Model for Data Narratives,2-s2.0-85097380415,10.1007/978-3-030-62522-1_19,Using the S-DIKW framework to transform data visualization into data storytelling,2-s2.0-85212860210,10.1002/asi.24973
Towards a Conceptual Model for Data Narratives,2-s2.0-85097380415,10.1007/978-3-030-62522-1_19,Data Narration for the People: Challenges and Opportunities,2-s2.0-85165089398,10.48786/edbt.2023.82
Towards a Conceptual Model for Data Narratives,2-s2.0-85097380415,10.1007/978-3-030-62522-1_19,"Why Did the “Missing Middle” Miss the Train? An Actors-In-Systems Exploration of Barriers to Intensified Family Housing in Waterloo Region, Canada",2-s2.0-85149246696,10.3390/land12020434
Towards a Conceptual Model for Data Narratives,2-s2.0-85097380415,10.1007/978-3-030-62522-1_19,Binding Data Narrations - Corroborating the Plausibility of Scientific Narratives by Open Research Data,2-s2.0-85174637694,10.1109/JCDL57899.2023.00028
Towards a Conceptual Model for Data Narratives,2-s2.0-85097380415,10.1007/978-3-030-62522-1_19,Computational narratives using Model-Driven Engineering,2-s2.0-85143906656,10.1109/CLEI56649.2022.9959933
Towards a Conceptual Model for Data Narratives,2-s2.0-85097380415,10.1007/978-3-030-62522-1_19,Data Narrative Crafting via a Comprehensive and Well-Founded Process,2-s2.0-85137981454,10.1007/978-3-031-15740-0_25
Towards a Conceptual Model for Data Narratives,2-s2.0-85097380415,10.1007/978-3-030-62522-1_19,A data narrative about tuberculosis pandemic in Gabon,2-s2.0-85130756836,
Towards a Conceptual Model for Data Narratives,2-s2.0-85097380415,10.1007/978-3-030-62522-1_19,Generating personalized data narrations from EDA notebooks,2-s2.0-85129221734,
Towards a Conceptual Model for Data Narratives,2-s2.0-85097380415,10.1007/978-3-030-62522-1_19,Intelligent Narrative Summaries: From Indicative to Informative Summarization,2-s2.0-85113907936,10.1016/j.bdr.2021.100257
Towards a Conceptual Model for Data Narratives,2-s2.0-85097380415,10.1007/978-3-030-62522-1_19,Three trajectories for narrative visualisation,2-s2.0-85105052507,10.1016/j.visinf.2021.04.001
Towards a Conceptual Model for Data Narratives,2-s2.0-85097380415,10.1007/978-3-030-62522-1_19,Research Data Management and Data Literacies,2-s2.0-85136718318,10.1016/C2020-0-02068-2
Towards a Conceptual Model for Data Narratives,2-s2.0-85097380415,10.1007/978-3-030-62522-1_19,Towards Enhancing Database Education: Natural Language Generation Meets Query Execution Plans,2-s2.0-85108945554,10.1145/3448016.3452822
Supporting the generation of data narratives,2-s2.0-85095734112,,FABULA: Intelligence Report Generation Using Retrieval-Augmented Narrative Construction,2-s2.0-85190626299,10.1145/3625007.3627505
Supporting the generation of data narratives,2-s2.0-85095734112,,Enhancing Cubes with Models to Describe Multidimensional Data,2-s2.0-85107683405,10.1007/s10796-021-10147-3
Supporting the generation of data narratives,2-s2.0-85095734112,,Computational narratives using Model-Driven Engineering,2-s2.0-85143906656,10.1109/CLEI56649.2022.9959933
Supporting the generation of data narratives,2-s2.0-85095734112,,Computational Understanding of Narratives: A Survey,2-s2.0-85139867862,10.1109/ACCESS.2022.3205314
Supporting the generation of data narratives,2-s2.0-85095734112,,On the design of an interactive automatic Python programming skills assessment system,2-s2.0-85136934584,10.1109/ECAI54874.2022.9847414
Supporting the generation of data narratives,2-s2.0-85095734112,,A data narrative about tuberculosis pandemic in Gabon,2-s2.0-85130756836,
OLAP Querying of Document Stores in the Presence of Schema Variety,2-s2.0-85090883258,,Data Warehouse Based on NoSQL: A literature mapping,2-s2.0-85115761767,10.23919/CISTI52073.2021.9476293
The Tell-Tale Cube,2-s2.0-85090100247,10.1007/978-3-030-54832-2_16,Suggesting Assess Queries for Interactive Analysis of Multidimensional Data,2-s2.0-85129353199,10.1109/TKDE.2022.3171516
The Tell-Tale Cube,2-s2.0-85090100247,10.1007/978-3-030-54832-2_16,Enhancing Cubes with Models to Describe Multidimensional Data,2-s2.0-85107683405,10.1007/s10796-021-10147-3
The Tell-Tale Cube,2-s2.0-85090100247,10.1007/978-3-030-54832-2_16,Assess queries for interactive analysis of data cubes,2-s2.0-85113712544,10.5441/002/edbt.2021.12
The Tell-Tale Cube,2-s2.0-85090100247,10.1007/978-3-030-54832-2_16,Supporting the generation of data narratives,2-s2.0-85095734112,
Towards conversational OLAP,2-s2.0-85082444588,,VOOL: A modular insight-based framework for vocalizing OLAP sessions,2-s2.0-85211035819,10.1016/j.is.2024.102496
Towards conversational OLAP,2-s2.0-85082444588,,Describing and Assessing Cubes Through Intentional Analytics,2-s2.0-85165002810,10.48786/edbt.2023.69
Towards conversational OLAP,2-s2.0-85082444588,,Natural Language Interfaces to Data,2-s2.0-85146640292,10.1561/1900000078
Towards conversational OLAP,2-s2.0-85082444588,,Querying multidimensional big data through a chatbot system,2-s2.0-85130336561,10.1145/3477314.3507692
Towards conversational OLAP,2-s2.0-85082444588,,Enhancing Cubes with Models to Describe Multidimensional Data,2-s2.0-85107683405,10.1007/s10796-021-10147-3
Towards conversational OLAP,2-s2.0-85082444588,,COOL: A framework for conversational OLAP,2-s2.0-85103428030,10.1016/j.is.2021.101752
Towards conversational OLAP,2-s2.0-85082444588,,Describing Multidimensional Data Through Highlights (Discussion Paper),2-s2.0-85137469232,
Towards conversational OLAP,2-s2.0-85082444588,,Talk to Your Data: a Chatbot System for Multidimensional Datasets,2-s2.0-85136956557,10.1109/COMPSAC54236.2022.00092
Towards conversational OLAP,2-s2.0-85082444588,,Optimally summarizing data by small fact sets for concise answers to voice queries,2-s2.0-85112863874,10.1109/ICDE51399.2021.00151
Towards conversational OLAP,2-s2.0-85082444588,,Robust voice querying with muve: Optimally visualizing results of phonetically similar queries,2-s2.0-85119675888,10.14778/3476249.3476289
Towards conversational OLAP,2-s2.0-85082444588,,Conversational OLAP in action,2-s2.0-85113716450,10.5441/002/edbt.2021.74
Towards conversational OLAP,2-s2.0-85082444588,,Assess queries for interactive analysis of data cubes,2-s2.0-85113712544,10.5441/002/edbt.2021.12
Towards conversational OLAP,2-s2.0-85082444588,,Demonstrating Robust Voice Querying with MUVE: Optimally Visualizing Results of Phonetically Similar Queries,2-s2.0-85108966804,10.1145/3448016.3452753
Towards conversational OLAP,2-s2.0-85082444588,,The Tell-Tale Cube,2-s2.0-85090100247,10.1007/978-3-030-54832-2_16
"Social BI to understand the debate on vaccines on the Web and social media: unraveling the anti-, free, and pro-vax communities in Italy",2-s2.0-85070525370,10.1007/s13278-019-0590-x,Optimal Methodology for Addressing the Social Impact Component within Project Proposals and Curriculum Vitae,2-s2.0-85189353544,10.17583/rimcis.13747
"Social BI to understand the debate on vaccines on the Web and social media: unraveling the anti-, free, and pro-vax communities in Italy",2-s2.0-85070525370,10.1007/s13278-019-0590-x,Respecifying fieldwork: Refused knowledge communities explored through the reflexive lens,2-s2.0-85205410444,10.1007/978-981-99-7188-6_10
"Social BI to understand the debate on vaccines on the Web and social media: unraveling the anti-, free, and pro-vax communities in Italy",2-s2.0-85070525370,10.1007/s13278-019-0590-x,Conceptualizing Analytics:An Overview of Business Intelligence and Analytics from a Conceptual-Modeling Perspective,2-s2.0-85161865197,10.1007/978-3-662-65004-2_13
"Social BI to understand the debate on vaccines on the Web and social media: unraveling the anti-, free, and pro-vax communities in Italy",2-s2.0-85070525370,10.1007/s13278-019-0590-x,Free choice in the making: Vaccine-related activism as an alternative form of citizenship during the Covid-19 pandemic.,2-s2.0-85147657571,10.1285/i20356609v15i3p697
"Social BI to understand the debate on vaccines on the Web and social media: unraveling the anti-, free, and pro-vax communities in Italy",2-s2.0-85070525370,10.1007/s13278-019-0590-x,Parents’ decisions to vaccinate children against covid-19: A scoping review,2-s2.0-85121534481,10.3390/vaccines9121476
"Social BI to understand the debate on vaccines on the Web and social media: unraveling the anti-, free, and pro-vax communities in Italy",2-s2.0-85070525370,10.1007/s13278-019-0590-x,Multi-perspectives systematic review on the applications of sentiment analysis for vaccine hesitancy,2-s2.0-85117894540,10.1016/j.compbiomed.2021.104957
"Social BI to understand the debate on vaccines on the Web and social media: unraveling the anti-, free, and pro-vax communities in Italy",2-s2.0-85070525370,10.1007/s13278-019-0590-x,COVID-19 fake news diffusion across Latin America,2-s2.0-85106274858,10.1007/s13278-021-00753-z
"Social BI to understand the debate on vaccines on the Web and social media: unraveling the anti-, free, and pro-vax communities in Italy",2-s2.0-85070525370,10.1007/s13278-019-0590-x,Understanding public perceptions of COVID-19 contact tracing apps: Artificial intelligence-enabled social media analysis,2-s2.0-85106469791,10.2196/26618
"Social BI to understand the debate on vaccines on the Web and social media: unraveling the anti-, free, and pro-vax communities in Italy",2-s2.0-85070525370,10.1007/s13278-019-0590-x,#Antivaccination on instagram: A computational analysis of hashtag activism through photos and public responses,2-s2.0-85092658500,10.3390/ijerph17207550
Map-matching on big data: A distributed and efficient algorithm with a hidden Markov model,2-s2.0-85070329171,10.23919/MIPRO.2019.8757119,Colossal Trajectory Mining: A unifying approach to mine behavioral mobility patterns,2-s2.0-85174707802,10.1016/j.eswa.2023.122055
Map-matching on big data: A distributed and efficient algorithm with a hidden Markov model,2-s2.0-85070329171,10.23919/MIPRO.2019.8757119,User-centered road network traffic analysis with MobilityDB,2-s2.0-85136515209,10.1111/tgis.12972
Map-matching on big data: A distributed and efficient algorithm with a hidden Markov model,2-s2.0-85070329171,10.23919/MIPRO.2019.8757119,Fast and Distributed Map-Matching Based on Contraction Hierarchies,2-s2.0-85124421879,10.7544/issn1000-1239.20210904
Map-matching on big data: A distributed and efficient algorithm with a hidden Markov model,2-s2.0-85070329171,10.23919/MIPRO.2019.8757119,A Systematic Review of Deep Learning Architectures in Traffic Congestion Prediction,2-s2.0-85143304438,
Map-matching on big data: A distributed and efficient algorithm with a hidden Markov model,2-s2.0-85070329171,10.23919/MIPRO.2019.8757119,Traffic Congestion Forecasting in Shanghai Based on Multi-Period Hotspot Clustering,2-s2.0-85083733398,10.1109/ACCESS.2020.2983184
Augmented business intelligence,2-s2.0-85062645475,,HAMLET: A framework for Human-centered AutoML via Structured Argumentation,2-s2.0-85145965157,10.1016/j.future.2022.12.035
Augmented business intelligence,2-s2.0-85062645475,,COOL: A framework for conversational OLAP,2-s2.0-85103428030,10.1016/j.is.2021.101752
Augmented business intelligence,2-s2.0-85062645475,,mRAT-SQL+GAP: A Portuguese Text-to-SQL Transformer,2-s2.0-85121778825,10.1007/978-3-030-91699-2_35
Augmented business intelligence,2-s2.0-85062645475,,Conversational OLAP,2-s2.0-85118769792,
Augmented business intelligence,2-s2.0-85062645475,,Conversational OLAP in action,2-s2.0-85113716450,10.5441/002/edbt.2021.74
Augmented business intelligence,2-s2.0-85062645475,,A-BI<sup>+</sup>: A framework for Augmented Business Intelligence,2-s2.0-85082441558,10.1016/j.is.2020.101520
Augmented business intelligence,2-s2.0-85062645475,,Towards conversational OLAP,2-s2.0-85082444588,
A Similarity Function for Multi-Level and Multi-Dimensional Itemsets,2-s2.0-85051863772,,Summarization and visualization of multi-level and multi-dimensional itemsets,2-s2.0-85079239065,10.1016/j.ins.2020.02.006
Towards a foundational API for resilient distributed systems design,2-s2.0-85035209468,10.1109/FAS-W.2017.116,Multiplatform Self-Organizing Systems Through a Kotlin-MP Implementation of Aggregate Computing,2-s2.0-85214821007,10.1109/ACSOS-C63493.2024.00048
Towards a foundational API for resilient distributed systems design,2-s2.0-85035209468,10.1109/FAS-W.2017.116,A Collective Adaptive Approach to Decentralised k-Coverage in Multi-robot Systems,2-s2.0-85145352614,10.1145/3547145
Towards a foundational API for resilient distributed systems design,2-s2.0-85035209468,10.1109/FAS-W.2017.116,Self-stabilising Priority-Based Multi-Leader Election and Network Partitioning,2-s2.0-85142355054,10.1109/ACSOS55765.2022.00026
Towards a foundational API for resilient distributed systems design,2-s2.0-85035209468,10.1109/FAS-W.2017.116,TIME-FLUID FIELD-BASED COORDINATION THROUGH PROGRAMMABLE DISTRIBUTED SCHEDULERS,2-s2.0-85122034807,10.46298/LMCS-17(4:13)2021
Towards a foundational API for resilient distributed systems design,2-s2.0-85035209468,10.1109/FAS-W.2017.116,Simulation of Large Scale Computational Ecosystems with Alchemist: A Tutorial,2-s2.0-85111122280,10.1007/978-3-030-78198-9_10
Towards a foundational API for resilient distributed systems design,2-s2.0-85035209468,10.1109/FAS-W.2017.116,Engineering collective intelligence at the edge with aggregate processes,2-s2.0-85095974840,10.1016/j.engappai.2020.104081
Towards a foundational API for resilient distributed systems design,2-s2.0-85035209468,10.1109/FAS-W.2017.116,Field-based coordination with the share operator,2-s2.0-85092507655,10.23638/LMCS-16(4:1)2020
Towards a foundational API for resilient distributed systems design,2-s2.0-85035209468,10.1109/FAS-W.2017.116,Partitioned integration and coordination via the self-organising coordination regions pattern,2-s2.0-85089073530,10.1016/j.future.2020.07.032
Towards a foundational API for resilient distributed systems design,2-s2.0-85035209468,10.1109/FAS-W.2017.116,Time-fluid field-based coordination,2-s2.0-85087001715,10.1007/978-3-030-50029-0_13
Towards a foundational API for resilient distributed systems design,2-s2.0-85035209468,10.1109/FAS-W.2017.116,From distributed coordination to field calculus and aggregate computing,2-s2.0-85081991187,10.1016/j.jlamp.2019.100486
Towards a foundational API for resilient distributed systems design,2-s2.0-85035209468,10.1109/FAS-W.2017.116,Modelling and simulation of Opportunistic IoT Services with Aggregate Computing,2-s2.0-85053778744,10.1016/j.future.2018.09.005
Towards a foundational API for resilient distributed systems design,2-s2.0-85035209468,10.1109/FAS-W.2017.116,The share operator for field-based coordination,2-s2.0-85067426015,10.1007/978-3-030-22397-7_4
Towards a foundational API for resilient distributed systems design,2-s2.0-85035209468,10.1109/FAS-W.2017.116,From field-based coordination to aggregate computing,2-s2.0-85048884985,10.1007/978-3-319-92408-3_12
Towards a foundational API for resilient distributed systems design,2-s2.0-85035209468,10.1109/FAS-W.2017.116,Practical Aggregate Programming with Protelis,2-s2.0-85035242264,10.1109/FAS-W.2017.186
Towards a foundational API for resilient distributed systems design,2-s2.0-85035209468,10.1109/FAS-W.2017.116,Self-Stabilising Target Counting in Wireless Sensor Networks Using Euler Integration,2-s2.0-85035210635,10.1109/SASO.2017.10
